leaf_id,year,site,tree,leaf_position,leaf_missing,leaf_width,efn_n,mine_top_perc,mine_bttm_perc,mine_init_top_n,mine_init_bttm_n,leaf_missing_perc,leaf_roll_n,gall_n,blotch_mines_n,collection_date
leaf_2014_BNZ_1_1,2014,BNZ,1,1,0.0,41,2,55,0,,,0,0,0,,2014-06-21
leaf_2014_BNZ_1_2,2014,BNZ,1,2,0.0,35,2,70,0,,,0,0,0,,2014-06-21
leaf_2014_BNZ_1_3,2014,BNZ,1,3,0.0,52,1,0,0,,,0,0,0,,2014-06-21
leaf_2014_BNZ_1_4,2014,BNZ,1,4,0.0,52,0,0,0,,,0,0,0,,2014-06-21
leaf_2014_BNZ_1_5,2014,BNZ,1,5,0.0,53,0,0,0,,,0,0,0,,2014-06-21
leaf_2014_BNZ_1_6,2014,BNZ,1,6,0.0,54,0,60,0,,,0,0,0,,2014-06-21
leaf_2014_BNZ_1_7,2014,BNZ,1,7,0.0,52,0,70,0,,,0,0,0,,2014-06-21
leaf_2014_BNZ_1_8,2014,BNZ,1,8,0.0,57,0,50,0,,,0,0,0,,2014-06-21
leaf_2014_BNZ_1_9,2014,BNZ,1,9,0.0,48,0,0,7,,,0,0,0,,2014-06-21
leaf_2014_BNZ_1_10,2014,BNZ,1,10,0.0,21,0,80,100,,,0,0,3,,2014-06-21
leaf_2014_BNZ_1_11,2014,BNZ,1,11,0.0,27,2,90,0,,,0,0,0,,2014-06-21
leaf_2014_BNZ_1_12,2014,BNZ,1,12,0.0,40,2,40,40,,,0,0,0,,2014-06-21
leaf_2014_BNZ_1_13,2014,BNZ,1,13,0.0,30,2,2,50,,,0,0,0,,2014-06-21
leaf_2014_BNZ_1_14,2014,BNZ,1,14,0.0,22,2,5,5,,,0,0,0,,2014-06-21
leaf_2014_BNZ_1_15,2014,BNZ,1,15,0.0,27,2,2,5,,,0,0,0,,2014-06-21
leaf_2014_BNZ_1_16,2014,BNZ,1,16,0.0,23,3,1,1,,,0,0,0,,2014-06-21
leaf_2014_BNZ_1_17,2014,BNZ,1,17,0.0,19,1,1,2,,,0,0,0,,2014-06-21
leaf_2014_BNZ_1_18,2014,BNZ,1,18,0.0,,2,0,0,,,0,0,0,,2014-06-21
leaf_2014_BNZ_2_1,2014,BNZ,2,1,0.0,3,0,0,0,,,0,0,0,,2014-06-21
leaf_2014_BNZ_2_2,2014,BNZ,2,2,0.0,40,0,0,0,,,0,0,0,,2014-06-21
leaf_2014_BNZ_2_3,2014,BNZ,2,3,0.0,44,0,55,0,,,0,0,0,,2014-06-21
leaf_2014_BNZ_2_4,2014,BNZ,2,4,0.0,42,0,30,40,,,0,0,0,,2014-06-21
leaf_2014_BNZ_2_5,2014,BNZ,2,5,0.0,33,0,0,60,,,0,0,0,,2014-06-21
leaf_2014_BNZ_2_6,2014,BNZ,2,6,0.0,26,0,100,80,,,0,0,0,,2014-06-21
leaf_2014_BNZ_2_7,2014,BNZ,2,7,0.0,10,2,0,0,,,0,0,0,,2014-06-21
leaf_2014_BNZ_3_1,2014,BNZ,3,1,0.0,44,0,0,45,,,0,0,4,,2014-06-21
leaf_2014_BNZ_3_2,2014,BNZ,3,2,0.0,43,0,15,55,,,0,0,0,,2014-06-21
leaf_2014_BNZ_3_3,2014,BNZ,3,3,0.0,43,0,60,50,,,0,0,0,,2014-06-21
leaf_2014_BNZ_3_4,2014,BNZ,3,4,0.0,43,0,7,20,,,0,0,1,,2014-06-21
leaf_2014_BNZ_3_5,2014,BNZ,3,5,0.0,46,0,55,0,,,0,0,0,,2014-06-21
leaf_2014_BNZ_3_6,2014,BNZ,3,6,0.0,41,0,30,50,,,0,0,0,,2014-06-21
leaf_2014_BNZ_3_7,2014,BNZ,3,7,0.0,34,2,10,0,,,0,0,0,,2014-06-21
leaf_2014_BNZ_3_8,2014,BNZ,3,8,0.0,33,2,1,20,,,0,0,0,,2014-06-21
leaf_2014_BNZ_3_9,2014,BNZ,3,9,0.0,25,2,0,1,,,0,0,0,,2014-06-21
leaf_2014_BNZ_4_1,2014,BNZ,4,1,0.0,33,2,98,0,,,0,0,0,,2014-06-21
leaf_2014_BNZ_4_2,2014,BNZ,4,2,0.0,50,1,0,0,,,0,0,0,,2014-06-21
leaf_2014_BNZ_4_3,2014,BNZ,4,3,0.0,57,0,30,0,,,0,0,0,,2014-06-21
leaf_2014_BNZ_4_4,2014,BNZ,4,4,0.0,39,0,20,0,,,0,0,0,,2014-06-21
leaf_2014_BNZ_4_5,2014,BNZ,4,5,0.0,41,0,55,2,,,0,0,0,,2014-06-21
leaf_2014_BNZ_5_1,2014,BNZ,5,1,0.0,33,2,75,0,,,0,0,0,,2014-06-21
leaf_2014_BNZ_5_2,2014,BNZ,5,2,0.0,70,2,15,25,,,0,0,0,,2014-06-21
leaf_2014_BNZ_5_3,2014,BNZ,5,3,0.0,86,2,30,25,,,0,0,1,,2014-06-21
leaf_2014_BNZ_5_4,2014,BNZ,5,4,0.0,84,2,15,20,,,0,0,0,,2014-06-21
leaf_2014_BNZ_5_5,2014,BNZ,5,5,0.0,71,0,20,12,,,0,0,0,,2014-06-21
leaf_2014_BNZ_5_6,2014,BNZ,5,6,0.0,91,1,15,10,,,5,0,0,,2014-06-21
leaf_2014_BNZ_5_7,2014,BNZ,5,7,0.0,92,1,20,15,,,3,0,0,,2014-06-21
leaf_2014_BNZ_5_8,2014,BNZ,5,8,0.0,50,2,50,30,,,35,0,0,,2014-06-21
leaf_2014_BNZ_5_9,2014,BNZ,5,9,0.0,58,2,60,10,,,25,0,0,,2014-06-21
leaf_2014_BNZ_5_10,2014,BNZ,5,10,0.0,80,2,10,35,,,0,0,0,,2014-06-21
leaf_2014_BNZ_5_11,2014,BNZ,5,11,0.0,60,1,15,5,,,25,0,0,,2014-06-21
leaf_2014_BNZ_5_12,2014,BNZ,5,12,0.0,42,1,1,10,,,5,0,0,,2014-06-21
leaf_2014_BNZ_5_13,2014,BNZ,5,13,0.0,36,2,3,5,,,10,0,0,,2014-06-21
leaf_2014_BNZ_5_14,2014,BNZ,5,14,0.0,25,2,1,1,,,0,0,0,,2014-06-21
leaf_2014_BNZ_5_15,2014,BNZ,5,15,0.0,,2,1,1,,,0,0,0,,2014-06-21
leaf_2014_BNZ_5_16,2014,BNZ,5,16,0.0,,2,0,1,,,0,0,0,,2014-06-21
leaf_2014_BNZ_6_1,2014,BNZ,6,1,0.0,26,3,0,0,,,0,0,0,,2014-06-21
leaf_2014_BNZ_6_2,2014,BNZ,6,2,0.0,32,2,0,0,,,0,0,0,,2014-06-21
leaf_2014_BNZ_6_3,2014,BNZ,6,3,0.0,28,2,0,0,,,0,0,0,,2014-06-21
leaf_2014_BNZ_6_4,2014,BNZ,6,4,0.0,30,1,0,0,,,0,0,0,,2014-06-21
leaf_2014_BNZ_6_5,2014,BNZ,6,5,0.0,31,1,0,2,,,0,0,0,,2014-06-21
leaf_2014_BNZ_6_6,2014,BNZ,6,6,0.0,30,1,3,0,,,0,0,0,,2014-06-21
leaf_2014_BNZ_6_7,2014,BNZ,6,7,0.0,25,0,0,40,,,0,0,0,,2014-06-21
leaf_2014_BNZ_6_8,2014,BNZ,6,8,0.0,16,1,0,0,,,0,0,0,,2014-06-21
leaf_2014_BNZ_7_1,2014,BNZ,7,1,0.0,22,2,0,0,,,0,0,0,,2014-06-21
leaf_2014_BNZ_7_2,2014,BNZ,7,2,0.0,26,2,0,0,,,0,0,0,,2014-06-21
leaf_2014_BNZ_7_3,2014,BNZ,7,3,0.0,29,1,0,0,,,0,0,0,,2014-06-21
leaf_2014_BNZ_7_4,2014,BNZ,7,4,0.0,22,2,0,0,,,0,0,0,,2014-06-21
leaf_2014_BNZ_7_5,2014,BNZ,7,5,0.0,31,0,0,0,,,0,0,0,,2014-06-21
leaf_2014_BNZ_7_6,2014,BNZ,7,6,0.0,24,0,0,0,,,0,0,0,,2014-06-21
leaf_2014_BNZ_7_7,2014,BNZ,7,7,0.0,21,0,0,0,,,0,0,0,,2014-06-21
leaf_2014_BNZ_7_8,2014,BNZ,7,8,0.0,13,0,0,0,,,3,0,0,,2014-06-21
leaf_2014_BNZ_8_1,2014,BNZ,8,1,0.0,45,2,0,0,,,0,0,0,,2014-06-21
leaf_2014_BNZ_8_2,2014,BNZ,8,2,0.0,48,2,0,0,,,0,0,0,,2014-06-21
leaf_2014_BNZ_8_3,2014,BNZ,8,3,0.0,56,0,0,0,,,0,0,0,,2014-06-21
leaf_2014_BNZ_8_4,2014,BNZ,8,4,0.0,52,0,0,0,,,15,0,0,,2014-06-21
leaf_2014_BNZ_8_5,2014,BNZ,8,5,0.0,60,0,0,0,,,20,0,0,,2014-06-21
leaf_2014_BNZ_8_6,2014,BNZ,8,6,0.0,55,,65,25,,,0,0,0,,2014-06-21
leaf_2014_BNZ_8_7,2014,BNZ,8,7,0.0,46,0,40,0,,,0,0,0,,2014-06-21
leaf_2014_BNZ_8_8,2014,BNZ,8,8,0.0,40,2,5,0,,,50,0,0,,2014-06-21
leaf_2014_BNZ_8_9,2014,BNZ,8,9,1.0,,,,,,,,,,,2014-06-21
leaf_2014_BNZ_8_10,2014,BNZ,8,10,1.0,,,,,,,,,,,2014-06-21
leaf_2014_BNZ_9_1,2014,BNZ,9,1,0.0,24,4,0,0,,,3,0,0,,2014-06-21
leaf_2014_BNZ_9_2,2014,BNZ,9,2,0.0,29,3,0,0,,,3,0,0,,2014-06-21
leaf_2014_BNZ_9_3,2014,BNZ,9,3,0.0,31,2,0,0,,,0,0,0,,2014-06-21
leaf_2014_BNZ_9_4,2014,BNZ,9,4,0.0,39,2,0,0,,,0,0,0,,2014-06-21
leaf_2014_BNZ_9_5,2014,BNZ,9,5,0.0,43,0,0,0,,,0,0,0,,2014-06-21
leaf_2014_BNZ_9_6,2014,BNZ,9,6,0.0,37,0,0,0,,,0,0,0,,2014-06-21
leaf_2014_BNZ_9_7,2014,BNZ,9,7,0.0,44,0,70,0,,,0,0,0,,2014-06-21
leaf_2014_BNZ_9_8,2014,BNZ,9,8,0.0,35,0,90,20,,,0,0,0,,2014-06-21
leaf_2014_BNZ_10_1,2014,BNZ,10,1,1.0,,,,,,,,,,,2014-06-21
leaf_2014_BNZ_10_2,2014,BNZ,10,2,1.0,,,,,,,,,,,2014-06-21
leaf_2014_BNZ_10_3,2014,BNZ,10,3,0.0,47,0,1,30,,,25,0,0,,2014-06-21
leaf_2014_BNZ_10_4,2014,BNZ,10,4,0.0,68,2,15,1,,,0,0,0,,2014-06-21
leaf_2014_BNZ_10_5,2014,BNZ,10,5,0.0,63,2,2,1,,,0,0,0,,2014-06-21
leaf_2014_BNZ_10_6,2014,BNZ,10,6,0.0,47,2,1,1,,,0,0,0,,2014-06-21
leaf_2014_BNZ_10_7,2014,BNZ,10,7,0.0,34,2,0,0,,,0,0,0,,2014-06-21
leaf_2014_BNZ_10_8,2014,BNZ,10,8,0.0,28,1,0,0,,,0,0,0,,2014-06-21
leaf_2014_BNZ_10_9,2014,BNZ,10,9,0.0,15,2,1,0,,,0,0,0,,2014-06-21
leaf_2014_BNZ_11_1,2014,BNZ,11,1,0.0,34,2,0,0,,,0,0,0,,2014-06-21
leaf_2014_BNZ_11_2,2014,BNZ,11,2,0.0,44,0,0,0,,,0,0,0,,2014-06-21
leaf_2014_BNZ_11_3,2014,BNZ,11,3,0.0,40,0,60,0,,,0,0,0,,2014-06-21
leaf_2014_BNZ_11_4,2014,BNZ,11,4,0.0,42,0,85,15,,,0,0,0,,2014-06-21
leaf_2014_BNZ_11_5,2014,BNZ,11,5,0.0,23,0,80,3,,,0,0,0,,2014-06-21
leaf_2014_BNZ_12_1,2014,BNZ,12,1,0.0,32,2,0,0,,,0,0,1,,2014-06-21
leaf_2014_BNZ_12_2,2014,BNZ,12,2,0.0,35,2,50,0,,,3,0,0,,2014-06-21
leaf_2014_BNZ_12_3,2014,BNZ,12,3,0.0,33,2,0,0,,,0,0,0,,2014-06-21
leaf_2014_BNZ_12_4,2014,BNZ,12,4,0.0,35,1,0,0,,,2,0,0,,2014-06-21
leaf_2014_BNZ_12_5,2014,BNZ,12,5,0.0,37,0,45,0,,,0,0,0,,2014-06-21
leaf_2014_BNZ_12_6,2014,BNZ,12,6,0.0,34,0,0,0,,,0,0,0,,2014-06-21
leaf_2014_BNZ_12_7,2014,BNZ,12,7,0.0,31,0,30,0,,,7,0,0,,2014-06-21
leaf_2014_BNZ_13_1,2014,BNZ,13,1,0.0,36,2,0,0,,,0,0,0,,2014-06-21
leaf_2014_BNZ_13_2,2014,BNZ,13,2,0.0,40,2,35,0,,,0,0,0,,2014-06-21
leaf_2014_BNZ_13_3,2014,BNZ,13,3,0.0,44,1,35,0,,,0,0,0,,2014-06-21
leaf_2014_BNZ_13_4,2014,BNZ,13,4,0.0,37,0,70,0,,,0,0,2,,2014-06-21
leaf_2014_BNZ_13_5,2014,BNZ,13,5,0.0,49,0,45,0,,,0,0,0,,2014-06-21
leaf_2014_BNZ_13_6,2014,BNZ,13,6,0.0,41,0,50,0,,,0,0,0,,2014-06-21
leaf_2014_BNZ_13_7,2014,BNZ,13,7,0.0,12,2,100,100,,,0,0,0,,2014-06-21
leaf_2014_BNZ_14_1,2014,BNZ,14,1,0.0,24,2,0,0,,,7,0,0,,2014-06-21
leaf_2014_BNZ_14_2,2014,BNZ,14,2,0.0,28,2,80,0,,,0,0,0,,2014-06-21
leaf_2014_BNZ_14_3,2014,BNZ,14,3,0.0,17,2,0,0,,,0,0,0,,2014-06-21
leaf_2014_BNZ_14_4,2014,BNZ,14,4,0.0,31,2,97,0,,,0,0,0,,2014-06-21
leaf_2014_BNZ_14_5,2014,BNZ,14,5,0.0,26,2,0,0,,,25,0,0,,2014-06-21
leaf_2014_BNZ_14_6,2014,BNZ,14,6,0.0,25,2,98,97,,,0,0,0,,2014-06-21
leaf_2014_BNZ_14_7,2014,BNZ,14,7,0.0,26,0,95,0,,,0,0,0,,2014-06-21
leaf_2014_BNZ_15_1,2014,BNZ,15,1,0.0,30,2,0,0,,,0,0,2,,2014-06-21
leaf_2014_BNZ_15_2,2014,BNZ,15,2,0.0,38,2,30,0,,,0,0,0,,2014-06-21
leaf_2014_BNZ_15_3,2014,BNZ,15,3,0.0,28,2,0,65,,,0,0,0,,2014-06-21
leaf_2014_BNZ_15_4,2014,BNZ,15,4,0.0,38,0,0,0,,,0,0,0,,2014-06-21
leaf_2014_BNZ_15_5,2014,BNZ,15,5,0.0,32,0,60,0,,,0,0,0,,2014-06-21
leaf_2014_BNZ_15_6,2014,BNZ,15,6,0.0,25,0,0,0,,,0,0,0,,2014-06-21
leaf_2014_BNZ_16_1,2014,BNZ,16,1,0.0,31,2,0,0,,,0,0,0,,2014-06-21
leaf_2014_BNZ_16_2,2014,BNZ,16,2,0.0,46,2,85,0,,,5,0,0,,2014-06-21
leaf_2014_BNZ_16_3,2014,BNZ,16,3,0.0,35,2,0,0,,,3,0,0,,2014-06-21
leaf_2014_BNZ_16_4,2014,BNZ,16,4,0.0,61,2,30,0,,,0,0,0,,2014-06-21
leaf_2014_BNZ_16_5,2014,BNZ,16,5,0.0,56,0,25,0,,,0,0,0,,2014-06-21
leaf_2014_BNZ_16_6,2014,BNZ,16,6,0.0,55,0,35,10,,,2,0,1,,2014-06-21
leaf_2014_BNZ_16_7,2014,BNZ,16,7,0.0,57,0,80,30,,,0,0,0,,2014-06-21
leaf_2014_BNZ_16_8,2014,BNZ,16,8,0.0,55,0,40,1,,,2,0,0,,2014-06-21
leaf_2014_BNZ_16_10,2014,BNZ,16,10,0.0,37,0,48,65,,,5,0,0,,2014-06-21
leaf_2014_BNZ_16_11,2014,BNZ,16,11,0.0,38,0,100,80,,,25,0,0,,2014-06-21
leaf_2014_BNZ_17_1,2014,BNZ,17,1,0.0,28,3,0,0,,,0,0,1,,2014-06-21
leaf_2014_BNZ_17_2,2014,BNZ,17,2,0.0,17,2,0,0,,,0,0,0,,2014-06-21
leaf_2014_BNZ_17_3,2014,BNZ,17,3,0.0,35,0,0,65,,,0,0,0,,2014-06-21
leaf_2014_BNZ_17_4,2014,BNZ,17,4,0.0,23,0,0,100,,,0,0,0,,2014-06-21
leaf_2014_BNZ_17_5,2014,BNZ,17,5,0.0,35,0,75,70,,,0,0,0,,2014-06-21
leaf_2014_BNZ_17_6,2014,BNZ,17,6,0.0,33,0,80,0,,,0,0,1,,2014-06-21
leaf_2014_BNZ_18_1,2014,BNZ,18,1,0.0,46,2,0,0,,,0,0,0,,2014-06-21
leaf_2014_BNZ_18_2,2014,BNZ,18,2,0.0,51,3,0,0,,,0,0,0,,2014-06-21
leaf_2014_BNZ_18_3,2014,BNZ,18,3,0.0,47,2,0,0,,,0,0,0,,2014-06-21
leaf_2014_BNZ_18_4,2014,BNZ,18,4,0.0,58,0,0,0,,,0,0,0,,2014-06-21
leaf_2014_BNZ_18_5,2014,BNZ,18,5,0.0,59,0,0,18,,,0,0,0,,2014-06-21
leaf_2014_BNZ_18_6,2014,BNZ,18,6,0.0,48,0,0,30,,,0,0,0,,2014-06-21
leaf_2014_BNZ_18_7,2014,BNZ,18,7,0.0,59,0,50,40,,,0,0,0,,2014-06-21
leaf_2014_BNZ_18_8,2014,BNZ,18,8,0.0,50,0,90,75,,,0,0,0,,2014-06-21
leaf_2014_BNZ_18_9,2014,BNZ,18,9,0.0,49,0,30,75,,,0,0,0,,2014-06-21
leaf_2014_BNZ_18_10,2014,BNZ,18,10,0.0,26,1,5,55,,,35,0,0,,2014-06-21
leaf_2014_BNZ_19_1,2014,BNZ,19,1,0.0,46,2,35,40,,,0,0,0,,2014-06-21
leaf_2014_BNZ_19_2,2014,BNZ,19,2,0.0,47,2,85,27,,,0,0,0,,2014-06-21
leaf_2014_BNZ_19_3,2014,BNZ,19,3,0.0,50,1,33,30,,,1,0,0,,2014-06-21
leaf_2014_BNZ_19_4,2014,BNZ,19,4,0.0,49,0,30,25,,,3,0,0,,2014-06-21
leaf_2014_BNZ_19_5,2014,BNZ,19,5,0.0,46,0,90,55,,,20,0,0,,2014-06-21
leaf_2014_BNZ_19_6,2014,BNZ,19,6,0.0,58,0,70,2,,,15,0,0,,2014-06-21
leaf_2014_BNZ_19_7,2014,BNZ,19,7,0.0,44,0,95,10,,,0,0,0,,2014-06-21
leaf_2014_BNZ_19_8,2014,BNZ,19,8,0.0,45,0,75,25,,,12,0,0,,2014-06-21
leaf_2014_BNZ_19_9,2014,BNZ,19,9,0.0,26,2,50,0,,,15,0,0,,2014-06-21
leaf_2014_BNZ_20_1,2014,BNZ,20,1,0.0,8,2,0,0,,,0,0,0,,2014-06-21
leaf_2014_BNZ_20_2,2014,BNZ,20,2,0.0,18,1,100,0,,,0,0,0,,2014-06-21
leaf_2014_BNZ_20_3,2014,BNZ,20,3,0.0,35,0,0,0,,,0,0,0,,2014-06-21
leaf_2014_BNZ_20_4,2014,BNZ,20,4,0.0,24,0,24,0,,,0,0,0,,2014-06-21
leaf_2014_BNZ_20_5,2014,BNZ,20,5,0.0,35,0,10,0,,,0,0,0,,2014-06-21
leaf_2014_BNZ_20_6,2014,BNZ,20,6,0.0,29,0,5,3,,,0,0,0,,2014-06-21
leaf_2014_BNZ_20_7,2014,BNZ,20,7,0.0,29,0,2,0,,,0,0,0,,2014-06-21
leaf_2014_BNZ_20_8,2014,BNZ,20,8,0.0,24,2,45,25,,,0,0,0,,2014-06-21
leaf_2014_BNZ_21_1,2014,BNZ,21,1,0.0,32,3,80,85,,,0,0,0,,2014-06-21
leaf_2014_BNZ_21_2,2014,BNZ,21,2,0.0,55,1,0,0,,,0,0,0,,2014-06-21
leaf_2014_BNZ_21_3,2014,BNZ,21,3,0.0,47,0,0,0,,,5,1,0,,2014-06-21
leaf_2014_BNZ_21_4,2014,BNZ,21,4,0.0,53,0,0,0,,,0,0,0,,2014-06-21
leaf_2014_BNZ_21_5,2014,BNZ,21,5,0.0,50,0,40,35,,,2,0,0,,2014-06-21
leaf_2014_BNZ_21_6,2014,BNZ,21,6,0.0,44,0,45,15,,,2,0,0,,2014-06-21
leaf_2014_BNZ_22_1,2014,BNZ,22,1,0.0,20,2,0,0,,,0,0,0,,2014-06-21
leaf_2014_BNZ_22_2,2014,BNZ,22,2,0.0,23,2,0,0,,,0,0,0,,2014-06-21
leaf_2014_BNZ_22_3,2014,BNZ,22,3,0.0,35,2,60,12,,,0,0,0,,2014-06-21
leaf_2014_BNZ_22_4,2014,BNZ,22,4,0.0,39,2,72,0,,,0,0,0,,2014-06-21
leaf_2014_BNZ_22_5,2014,BNZ,22,5,0.0,22,1,0,0,,,0,0,0,,2014-06-21
leaf_2014_BNZ_22_6,2014,BNZ,22,6,0.0,26,0,100,100,,,30,0,0,,2014-06-21
leaf_2014_BNZ_22_7,2014,BNZ,22,7,0.0,23,0,0,100,,,0,0,0,,2014-06-21
leaf_2014_BNZ_22_8,2014,BNZ,22,8,0.0,18,0,0,0,,,0,0,0,,2014-06-21
leaf_2014_BNZ_23_1,2014,BNZ,23,1,0.0,40,0,0,0,,,0,0,0,,2014-06-21
leaf_2014_BNZ_23_2,2014,BNZ,23,2,0.0,35,2,0,0,,,2,0,0,,2014-06-21
leaf_2014_BNZ_23_3,2014,BNZ,23,3,0.0,40,1,80,0,,,0,0,0,,2014-06-21
leaf_2014_BNZ_23_4,2014,BNZ,23,4,0.0,43,0,0,0,,,2,0,0,,2014-06-21
leaf_2014_BNZ_23_5,2014,BNZ,23,5,0.0,46,0,52,0,,,0,0,0,,2014-06-21
leaf_2014_BNZ_23_6,2014,BNZ,23,6,0.0,38,0,23,23,,,0,0,0,,2014-06-21
leaf_2014_BNZ_23_7,2014,BNZ,23,7,0.0,15,0,0,0,,,25,0,0,,2014-06-21
leaf_2014_BNZ_23_8,2014,BNZ,23,8,0.0,8,0,0,0,,,10,0,0,,2014-06-21
leaf_2014_BNZ_24_1,2014,BNZ,24,1,0.0,34,2,0,0,,,0,0,0,,2014-06-21
leaf_2014_BNZ_24_2,2014,BNZ,24,2,0.0,41,4,0,0,,,0,0,0,,2014-06-21
leaf_2014_BNZ_24_3,2014,BNZ,24,3,0.0,30,2,80,0,,,0,0,0,,2014-06-21
leaf_2014_BNZ_24_4,2014,BNZ,24,4,0.0,42,2,53,0,,,0,0,0,,2014-06-21
leaf_2014_BNZ_24_5,2014,BNZ,24,5,0.0,39,2,80,0,,,5,0,0,,2014-06-21
leaf_2014_BNZ_24_6,2014,BNZ,24,6,0.0,35,0,76,0,,,0,0,0,,2014-06-21
leaf_2014_BNZ_24_7,2014,BNZ,24,7,0.0,42,0,60,0,,,0,0,0,,2014-06-21
leaf_2014_BNZ_24_8,2014,BNZ,24,8,0.0,27,2,100,60,,,0,0,0,,2014-06-21
leaf_2014_BNZ_25_1,2014,BNZ,25,1,0.0,45,2,0,0,,,0,0,0,,2014-06-21
leaf_2014_BNZ_25_2,2014,BNZ,25,2,0.0,61,2,0,0,,,0,0,0,,2014-06-21
leaf_2014_BNZ_25_3,2014,BNZ,25,3,0.0,58,0,0,0,,,7,0,0,,2014-06-21
leaf_2014_BNZ_25_4,2014,BNZ,25,4,0.0,53,0,45,4,,,0,0,0,,2014-06-21
leaf_2014_BNZ_25_5,2014,BNZ,25,5,0.0,55,0,45,10,,,2,0,0,,2014-06-21
leaf_2014_BNZ_25_6,2014,BNZ,25,6,0.0,38,2,60,60,,,0,0,0,,2014-06-21
leaf_2014_BNZ_25_7,2014,BNZ,25,7,0.0,15,2,0,0,,,0,0,0,,2014-06-21
leaf_2014_BNZ_26_1,2014,BNZ,26,1,0.0,21,2,0,0,,,0,0,0,,2014-06-21
leaf_2014_BNZ_26_2,2014,BNZ,26,2,0.0,29,2,0,0,,,0,0,0,,2014-06-21
leaf_2014_BNZ_26_3,2014,BNZ,26,3,0.0,35,2,0,0,,,0,0,0,,2014-06-21
leaf_2014_BNZ_26_4,2014,BNZ,26,4,0.0,22,2,0,90,,,0,0,0,,2014-06-21
leaf_2014_BNZ_26_5,2014,BNZ,26,5,0.0,32,0,90,0,,,0,0,0,,2014-06-21
leaf_2014_BNZ_26_6,2014,BNZ,26,6,0.0,23,0,100,0,,,0,0,0,,2014-06-21
leaf_2014_BNZ_27_1,2014,BNZ,27,1,0.0,25,2,0,0,,,0,0,0,,2014-06-21
leaf_2014_BNZ_27_2,2014,BNZ,27,2,0.0,28,2,0,0,,,0,0,0,,2014-06-21
leaf_2014_BNZ_27_3,2014,BNZ,27,3,0.0,29,1,0,0,,,2,0,0,,2014-06-21
leaf_2014_BNZ_27_4,2014,BNZ,27,4,0.0,33,2,0,0,,,0,0,0,,2014-06-21
leaf_2014_BNZ_27_5,2014,BNZ,27,5,0.0,33,0,0,0,,,4,0,0,,2014-06-21
leaf_2014_BNZ_27_6,2014,BNZ,27,6,0.0,32,0,80,0,,,0,0,0,,2014-06-21
leaf_2014_BNZ_27_7,2014,BNZ,27,7,0.0,25,0,90,0,,,0,0,0,,2014-06-21
leaf_2014_BNZ_27_8,2014,BNZ,27,8,0.0,16,1,0,0,,,0,0,0,,2014-06-21
leaf_2014_BNZ_28_1,2014,BNZ,28,1,0.0,41,2,0,0,,,0,0,0,,2014-06-21
leaf_2014_BNZ_28_2,2014,BNZ,28,2,0.0,43,0,0,0,,,0,0,0,,2014-06-21
leaf_2014_BNZ_28_3,2014,BNZ,28,3,0.0,43,0,70,0,,,4,0,0,,2014-06-21
leaf_2014_BNZ_28_4,2014,BNZ,28,4,0.0,45,0,0,0,,,5,0,0,,2014-06-21
leaf_2014_BNZ_28_5,2014,BNZ,28,5,0.0,38,0,85,0,,,15,0,0,,2014-06-21
leaf_2014_BNZ_28_6,2014,BNZ,28,6,0.0,36,0,0,0,,,0,0,0,,2014-06-21
leaf_2014_BNZ_28_7,2014,BNZ,28,7,0.0,20,2,0,0,,,60,0,0,,2014-06-21
leaf_2014_BNZ_29_1,2014,BNZ,29,1,0.0,27,2,100,0,,,0,0,0,,2014-06-21
leaf_2014_BNZ_29_2,2014,BNZ,29,2,0.0,28,0,100,0,,,0,0,0,,2014-06-21
leaf_2014_BNZ_29_3,2014,BNZ,29,3,0.0,24,0,95,0,,,0,0,0,,2014-06-21
leaf_2014_BNZ_29_4,2014,BNZ,29,4,0.0,29,0,25,50,,,0,0,0,,2014-06-21
leaf_2014_BNZ_29_5,2014,BNZ,29,5,0.0,23,0,100,40,,,0,0,0,,2014-06-21
leaf_2014_BNZ_30_1,2014,BNZ,30,1,0.0,35,3,0,0,,,0,0,1,,2014-06-21
leaf_2014_BNZ_30_2,2014,BNZ,30,2,0.0,35,2,0,0,,,0,0,0,,2014-06-21
leaf_2014_BNZ_30_3,2014,BNZ,30,3,0.0,32,2,0,0,,,0,0,0,,2014-06-21
leaf_2014_BNZ_30_4,2014,BNZ,30,4,0.0,40,0,0,0,,,5,0,0,,2014-06-21
leaf_2014_BNZ_30_5,2014,BNZ,30,5,0.0,36,0,0,0,,,0,0,1,,2014-06-21
leaf_2014_BNZ_30_6,2014,BNZ,30,6,0.0,35,0,0,0,,,0,0,0,,2014-06-21
leaf_2014_BNZ_30_7,2014,BNZ,30,7,0.0,25,0,0,100,,,35,0,0,,2014-06-21
leaf_2014_ED_1_1,2014,ED,1,1,0.0,21,2,0,100,,,0,0,0,,2014-06-30
leaf_2014_ED_1_2,2014,ED,1,2,0.0,29,2,0,100,,,0,0,0,,2014-06-30
leaf_2014_ED_1_3,2014,ED,1,3,0.0,31,2,95,90,,,0,0,0,,2014-06-30
leaf_2014_ED_1_4,2014,ED,1,4,0.0,27,2,25,0,,,0,0,0,,2014-06-30
leaf_2014_ED_1_5,2014,ED,1,5,0.0,33,2,0,80,,,0,0,0,,2014-06-30
leaf_2014_ED_1_6,2014,ED,1,6,0.0,33,2,30,70,,,0,0,0,,2014-06-30
leaf_2014_ED_1_7,2014,ED,1,7,0.0,25,0,85,40,,,5,0,0,,2014-06-30
leaf_2014_ED_1_8,2014,ED,1,8,0.0,25,0,8,85,,,0,0,0,,2014-06-30
leaf_2014_ED_1_9,2014,ED,1,9,0.0,17,0,40,10,,,0,0,0,,2014-06-30
leaf_2014_ED_2_1,2014,ED,2,1,0.0,34,2,47,0,,,8,0,0,,2014-06-30
leaf_2014_ED_2_2,2014,ED,2,2,0.0,30,2,90,0,,,3,0,0,,2014-06-30
leaf_2014_ED_2_3,2014,ED,2,3,0.0,33,2,0,0,,,0,0,0,,2014-06-30
leaf_2014_ED_2_4,2014,ED,2,4,0.0,28,0,60,0,,,0,0,0,,2014-06-30
leaf_2014_ED_2_5,2014,ED,2,5,0.0,18,0,100,0,,,80,0,0,,2014-06-30
leaf_2014_ED_3_1,2014,ED,3,1,0.0,28,2,0,0,,,0,0,0,,2014-06-30
leaf_2014_ED_3_2,2014,ED,3,2,0.0,33,2,0,0,,,0,0,0,,2014-06-30
leaf_2014_ED_3_3,2014,ED,3,3,0.0,24,2,60,0,,,0,0,0,,2014-06-30
leaf_2014_ED_3_4,2014,ED,3,4,0.0,34,2,2,0,,,0,0,0,,2014-06-30
leaf_2014_ED_3_5,2014,ED,3,5,0.0,28,2,97,0,,,0,0,1,,2014-06-30
leaf_2014_ED_3_6,2014,ED,3,6,0.0,31,2,25,0,,,0,0,0,,2014-06-30
leaf_2014_ED_3_7,2014,ED,3,7,0.0,28,1,95,96,,,0,0,1,,2014-06-30
leaf_2014_ED_3_8,2014,ED,3,8,0.0,28,0,45,98,,,15,0,0,,2014-06-30
leaf_2014_ED_3_9,2014,ED,3,9,0.0,13,0,100,46,,,0,0,0,,2014-06-30
leaf_2014_ED_4_1,2014,ED,4,1,0.0,32,2,80,40,,,10,0,0,,2014-06-30
leaf_2014_ED_4_2,2014,ED,4,2,0.0,35,2,30,0,,,5,0,0,,2014-06-30
leaf_2014_ED_4_3,2014,ED,4,3,0.0,36,2,100,0,,,0,0,0,,2014-06-30
leaf_2014_ED_4_4,2014,ED,4,4,0.0,31,0,40,40,,,8,0,0,,2014-06-30
leaf_2014_ED_4_5,2014,ED,4,5,0.0,30,0,0,0,,,0,0,0,,2014-06-30
leaf_2014_ED_4_6,2014,ED,4,6,0.0,14,0,100,75,,,0,0,0,,2014-06-30
leaf_2014_ED_5_1,2014,ED,5,1,0.0,27,2,20,0,,,0,0,0,,2014-06-30
leaf_2014_ED_5_2,2014,ED,5,2,0.0,30,2,80,0,,,0,0,0,,2014-06-30
leaf_2014_ED_5_3,2014,ED,5,3,0.0,35,1,0,0,,,10,0,0,,2014-06-30
leaf_2014_ED_5_4,2014,ED,5,4,0.0,28,2,0,5,,,0,0,0,,2014-06-30
leaf_2014_ED_5_5,2014,ED,5,5,0.0,35,0,10,5,,,0,0,0,,2014-06-30
leaf_2014_ED_5_6,2014,ED,5,6,0.0,31,0,5,10,,,0,0,0,,2014-06-30
leaf_2014_ED_5_7,2014,ED,5,7,0.0,24,0,0,5,,,0,0,0,,2014-06-30
leaf_2014_ED_5_8,2014,ED,5,8,0.0,17,0,0,0,,,0,0,0,,2014-06-30
leaf_2014_ED_6_1,2014,ED,6,1,0.0,30,2,30,0,,,0,0,0,,2014-06-30
leaf_2014_ED_6_2,2014,ED,6,2,0.0,29,2,90,0,,,0,0,0,,2014-06-30
leaf_2014_ED_6_3,2014,ED,6,3,0.0,38,1,0,0,,,0,0,0,,2014-06-30
leaf_2014_ED_6_4,2014,ED,6,4,0.0,32,2,5,0,,,0,0,0,,2014-06-30
leaf_2014_ED_6_5,2014,ED,6,5,0.0,34,0,0,0,,,0,0,0,,2014-06-30
leaf_2014_ED_6_6,2014,ED,6,6,0.0,30,0,4,27,,,0,0,0,,2014-06-30
leaf_2014_ED_7_1,2014,ED,7,1,0.0,18,2,0,0,,,0,0,0,,2014-06-30
leaf_2014_ED_7_2,2014,ED,7,2,0.0,24,2,0,0,,,0,0,0,,2014-06-30
leaf_2014_ED_7_3,2014,ED,7,3,0.0,30,2,0,0,,,0,0,0,,2014-06-30
leaf_2014_ED_7_4,2014,ED,7,4,0.0,21,2,0,0,,,0,0,0,,2014-06-30
leaf_2014_ED_7_5,2014,ED,7,5,0.0,28,1,100,0,,,0,0,0,,2014-06-30
leaf_2014_ED_7_6,2014,ED,7,6,0.0,25,0,0,0,,,0,0,0,,2014-06-30
leaf_2014_ED_7_7,2014,ED,7,7,0.0,15,0,0,0,,,2,0,0,,2014-06-30
leaf_2014_ED_8_1,2014,ED,8,1,0.0,26,2,0,0,,,0,0,0,,2014-06-30
leaf_2014_ED_8_2,2014,ED,8,2,0.0,31,2,0,0,,,0,0,0,,2014-06-30
leaf_2014_ED_8_3,2014,ED,8,3,0.0,33,1,0,0,,,0,0,0,,2014-06-30
leaf_2014_ED_8_4,2014,ED,8,4,0.0,33,1,0,0,,,0,0,0,,2014-06-30
leaf_2014_ED_8_5,2014,ED,8,5,0.0,29,0,45,0,,,0,0,0,,2014-06-30
leaf_2014_ED_8_6,2014,ED,8,6,0.0,26,0,0,100,,,0,0,0,,2014-06-30
leaf_2014_ED_9_1,2014,ED,9,1,0.0,25,2,0,0,,,0,0,0,,2014-06-30
leaf_2014_ED_9_2,2014,ED,9,2,1.0,,,,,,,,,,,2014-06-30
leaf_2014_ED_9_3,2014,ED,9,3,0.0,28,2,0,0,,,0,0,0,,2014-06-30
leaf_2014_ED_9_4,2014,ED,9,4,0.0,28,2,0,0,,,0,0,0,,2014-06-30
leaf_2014_ED_9_5,2014,ED,9,5,0.0,32,1,22,0,,,5,0,0,,2014-06-30
leaf_2014_ED_9_6,2014,ED,9,6,0.0,28,1,35,2,,,0,0,0,,2014-06-30
leaf_2014_ED_9_7,2014,ED,9,7,0.0,26,0,100,100,,,0,0,0,,2014-06-30
leaf_2014_ED_9_8,2014,ED,9,8,0.0,24,1,6,18,,,0,0,0,,2014-06-30
leaf_2014_ED_10_1,2014,ED,10,1,0.0,30,2,5,12,,,0,0,0,,2014-06-30
leaf_2014_ED_10_2,2014,ED,10,2,0.0,30,2,100,0,,,0,0,1,,2014-06-30
leaf_2014_ED_10_3,2014,ED,10,3,0.0,32,2,30,0,,,0,0,0,,2014-06-30
leaf_2014_ED_10_4,2014,ED,10,4,0.0,26,2,47,0,,,0,0,0,,2014-06-30
leaf_2014_ED_10_5,2014,ED,10,5,0.0,30,1,40,65,,,0,0,0,,2014-06-30
leaf_2014_ED_10_6,2014,ED,10,6,0.0,31,1,10,30,,,0,0,0,,2014-06-30
leaf_2014_ED_10_7,2014,ED,10,7,0.0,25,0,100,50,,,0,0,0,,2014-06-30
leaf_2014_ED_10_8,2014,ED,10,8,0.0,37,2,15,30,,,0,0,0,,2014-06-30
leaf_2014_ED_10_9,2014,ED,10,9,0.0,21,0,6,5,,,0,0,0,,2014-06-30
leaf_2014_ED_11_1,2014,ED,11,1,0.0,44,2,45,40,,,0,0,0,,2014-06-30
leaf_2014_ED_11_2,2014,ED,11,2,0.0,47,2,0,0,,,0,0,1,,2014-06-30
leaf_2014_ED_11_3,2014,ED,11,3,0.0,45,0,1,2,,,0,0,1,,2014-06-30
leaf_2014_ED_11_4,2014,ED,11,4,0.0,43,0,50,60,,,0,0,1,,2014-06-30
leaf_2014_ED_11_5,2014,ED,11,5,0.0,34,0,0,100,,,90,0,0,,2014-06-30
leaf_2014_ED_11_6,2014,ED,11,6,0.0,34,0,90,75,,,0,0,1,,2014-06-30
leaf_2014_ED_12_1,2014,ED,12,1,0.0,7,2,0,0,,,0,0,0,,2014-06-30
leaf_2014_ED_12_2,2014,ED,12,2,0.0,22,2,0,0,,,0,0,0,,2014-06-30
leaf_2014_ED_12_3,2014,ED,12,3,0.0,28,2,0,0,,,0,0,0,,2014-06-30
leaf_2014_ED_12_4,2014,ED,12,4,0.0,28,0,40,0,,,0,0,0,,2014-06-30
leaf_2014_ED_12_5,2014,ED,12,5,0.0,18,2,100,0,,,0,0,0,,2014-06-30
leaf_2014_ED_12_6,2014,ED,12,6,0.0,14,0,0,40,,,0,0,0,,2014-06-30
leaf_2014_ED_13_1,2014,ED,13,1,0.0,29,2,70,85,,,0,0,0,,2014-06-30
leaf_2014_ED_13_2,2014,ED,13,2,0.0,24,2,0,80,,,0,0,0,,2014-06-30
leaf_2014_ED_13_3,2014,ED,13,3,0.0,44,2,80,0,,,0,0,0,,2014-06-30
leaf_2014_ED_13_4,2014,ED,13,4,0.0,20,2,2,100,,,0,0,0,,2014-06-30
leaf_2014_ED_13_5,2014,ED,13,5,0.0,33,0,70,10,,,0,0,0,,2014-06-30
leaf_2014_ED_13_6,2014,ED,13,6,0.0,20,0,100,0,,,0,0,0,,2014-06-30
leaf_2014_ED_14_1,2014,ED,14,1,0.0,15,3,0,0,,,0,0,0,,2014-06-30
leaf_2014_ED_14_2,2014,ED,14,2,0.0,26,2,0,1,,,0,0,0,,2014-06-30
leaf_2014_ED_14_3,2014,ED,14,3,0.0,24,2,0,0,,,0,0,0,,2014-06-30
leaf_2014_ED_14_4,2014,ED,14,4,0.0,23,1,0,0,,,0,0,0,,2014-06-30
leaf_2014_ED_14_5,2014,ED,14,5,0.0,23,0,0,0,,,0,0,0,,2014-06-30
leaf_2014_ED_14_6,2014,ED,14,6,0.0,24,0,0,0,,,0,0,0,,2014-06-30
leaf_2014_ED_14_7,2014,ED,14,7,0.0,5,0,0,0,,,0,0,0,,2014-06-30
leaf_2014_ED_15_1,2014,ED,15,1,0.0,25,3,0,0,,,0,0,0,,2014-06-30
leaf_2014_ED_15_2,2014,ED,15,2,0.0,29,2,0,0,,,0,0,0,,2014-06-30
leaf_2014_ED_15_3,2014,ED,15,3,0.0,31,2,0,0,,,0,0,0,,2014-06-30
leaf_2014_ED_15_4,2014,ED,15,4,0.0,25,2,0,0,,,0,0,0,,2014-06-30
leaf_2014_ED_15_5,2014,ED,15,5,0.0,29,0,0,0,,,0,0,0,,2014-06-30
leaf_2014_ED_15_6,2014,ED,15,6,0.0,27,0,0,0,,,0,0,0,,2014-06-30
leaf_2014_ED_15_7,2014,ED,15,7,0.0,22,0,0,100,,,40,0,0,,2014-06-30
leaf_2014_ED_15_8,2014,ED,15,8,0.0,24,0,90,0,,,45,0,0,,2014-06-30
leaf_2014_ED_16_1,2014,ED,16,1,0.0,21,2,0,0,,,10,0,0,,2014-06-30
leaf_2014_ED_16_2,2014,ED,16,2,0.0,21,2,0,0,,,0,0,0,,2014-06-30
leaf_2014_ED_16_3,2014,ED,16,3,0.0,35,2,0,0,,,0,0,1,,2014-06-30
leaf_2014_ED_16_4,2014,ED,16,4,0.0,28,2,0,0,,,0,0,0,,2014-06-30
leaf_2014_ED_16_5,2014,ED,16,5,0.0,38,2,0,0,,,0,0,1,,2014-06-30
leaf_2014_ED_16_6,2014,ED,16,6,0.0,31,2,10,75,,,0,0,0,,2014-06-30
leaf_2014_ED_16_7,2014,ED,16,7,0.0,26,0,0,80,,,15,0,0,,2014-06-30
leaf_2014_ED_16_8,2014,ED,16,8,0.0,34,0,5,6,,,0,0,0,,2014-06-30
leaf_2014_ED_16_9,2014,ED,16,9,0.0,25,0,10,0,,,0,0,1,,2014-06-30
leaf_2014_ED_16_10,2014,ED,16,10,0.0,22,0,5,0,,,60,0,1,,2014-06-30
leaf_2014_ED_17_1,2014,ED,17,1,0.0,30,2,0,100,,,0,0,0,,2014-06-30
leaf_2014_ED_17_2,2014,ED,17,2,0.0,29,2,0,100,,,0,0,0,,2014-06-30
leaf_2014_ED_17_3,2014,ED,17,3,0.0,34,1,70,0,,,0,0,0,,2014-06-30
leaf_2014_ED_17_4,2014,ED,17,4,0.0,31,0,2,70,,,0,0,0,,2014-06-30
leaf_2014_ED_17_5,2014,ED,17,5,0.0,36,0,48,75,,,0,0,0,,2014-06-30
leaf_2014_ED_17_6,2014,ED,17,6,0.0,27,0,90,97,,,0,0,0,,2014-06-30
leaf_2014_ED_18_1,2014,ED,18,1,0.0,22,2,0,0,,,0,0,0,,2014-06-30
leaf_2014_ED_18_2,2014,ED,18,2,0.0,29,2,0,0,,,0,0,0,,2014-06-30
leaf_2014_ED_18_3,2014,ED,18,3,0.0,34,2,0,0,,,0,0,0,,2014-06-30
leaf_2014_ED_18_4,2014,ED,18,4,0.0,25,2,0,0,,,0,0,1,,2014-06-30
leaf_2014_ED_18_5,2014,ED,18,5,0.0,7,2,0,75,,,0,0,0,,2014-06-30
leaf_2014_ED_18_6,2014,ED,18,6,0.0,31,2,75,85,,,0,0,0,,2014-06-30
leaf_2014_ED_18_7,2014,ED,18,7,0.0,30,0,5,0,,,0,0,0,,2014-06-30
leaf_2014_ED_18_8,2014,ED,18,8,0.0,32,0,100,80,,,0,0,0,,2014-06-30
leaf_2014_ED_19_1,2014,ED,19,1,0.0,45,2,60,0,,,0,0,0,,2014-06-30
leaf_2014_ED_19_2,2014,ED,19,2,0.0,46,2,75,45,,,0,0,0,,2014-06-30
leaf_2014_ED_19_3,2014,ED,19,3,0.0,50,0,53,0,,,0,0,0,,2014-06-30
leaf_2014_ED_19_4,2014,ED,19,4,0.0,47,0,0,50,,,0,0,0,,2014-06-30
leaf_2014_ED_19_5,2014,ED,19,5,0.0,47,0,60,0,,,0,0,0,,2014-06-30
leaf_2014_ED_19_6,2014,ED,19,6,0.0,41,0,45,70,,,0,0,0,,2014-06-30
leaf_2014_ED_19_7,2014,ED,19,7,0.0,36,0,80,80,,,0,0,0,,2014-06-30
leaf_2014_ED_20_1,2014,ED,20,1,0.0,26,2,0,80,,,0,0,0,,2014-06-30
leaf_2014_ED_20_2,2014,ED,20,2,0.0,28,0,75,0,,,0,0,0,,2014-06-30
leaf_2014_ED_20_3,2014,ED,20,3,0.0,26,0,0,0,,,0,0,0,,2014-06-30
leaf_2014_ED_20_4,2014,ED,20,4,0.0,25,0,6,98,,,0,0,0,,2014-06-30
leaf_2014_ED_20_5,2014,ED,20,5,0.0,26,0,98,5,,,0,0,0,,2014-06-30
leaf_2014_ED_20_6,2014,ED,20,6,0.0,23,0,98,100,,,0,0,0,,2014-06-30
leaf_2014_ED_20_7,2014,ED,20,7,0.0,11,0,70,100,,,0,0,0,,2014-06-30
leaf_2014_ED_21_1,2014,ED,21,1,0.0,32,2,90,5,,,0,0,0,,2014-06-30
leaf_2014_ED_21_2,2014,ED,21,2,0.0,21,2,80,5,,,0,0,0,,2014-06-30
leaf_2014_ED_21_3,2014,ED,21,3,0.0,32,1,100,0,,,0,0,0,,2014-06-30
leaf_2014_ED_21_4,2014,ED,21,4,0.0,30,0,0,100,,,0,0,0,,2014-06-30
leaf_2014_ED_21_5,2014,ED,21,5,0.0,32,0,100,2,,,0,0,0,,2014-06-30
leaf_2014_ED_21_6,2014,ED,21,6,0.0,27,0,90,85,,,0,0,0,,2014-06-30
leaf_2014_ED_21_7,2014,ED,21,7,0.0,21,0,100,100,,,0,0,0,,2014-06-30
leaf_2014_ED_22_1,2014,ED,22,1,0.0,,1,0,0,,,90,0,0,,2014-06-30
leaf_2014_ED_22_2,2014,ED,22,2,0.0,34,0,0,0,,,0,0,0,,2014-06-30
leaf_2014_ED_22_3,2014,ED,22,3,0.0,35,0,0,25,,,0,0,0,,2014-06-30
leaf_2014_ED_22_4,2014,ED,22,4,0.0,,0,0,0,,,96,0,0,,2014-06-30
leaf_2014_ED_22_5,2014,ED,22,5,0.0,24,0,90,0,,,50,0,1,,2014-06-30
leaf_2014_ED_23_1,2014,ED,23,1,0.0,26,2,0,0,,,0,0,0,,2014-06-30
leaf_2014_ED_23_2,2014,ED,23,2,0.0,30,1,0,0,,,0,0,0,,2014-06-30
leaf_2014_ED_23_3,2014,ED,23,3,0.0,26,0,0,0,,,0,0,2,,2014-06-30
leaf_2014_ED_23_4,2014,ED,23,4,0.0,26,2,0,0,,,0,0,0,,2014-06-30
leaf_2014_ED_24_1,2014,ED,24,1,0.0,29,2,100,0,,,0,0,0,,2014-06-30
leaf_2014_ED_24_2,2014,ED,24,2,0.0,33,0,33,0,,,0,0,2,,2014-06-30
leaf_2014_ED_24_3,2014,ED,24,3,0.0,39,0,90,85,,,0,0,0,,2014-06-30
leaf_2014_ED_24_4,2014,ED,24,4,0.0,31,0,20,0,,,0,0,0,,2014-06-30
leaf_2014_ED_24_5,2014,ED,24,5,0.0,35,0,100,5,,,5,0,0,,2014-06-30
leaf_2014_ED_25_1,2014,ED,25,1,0.0,25,2,0,0,,,0,0,0,,2014-06-30
leaf_2014_ED_25_2,2014,ED,25,2,0.0,28,2,0,0,,,0,0,0,,2014-06-30
leaf_2014_ED_25_3,2014,ED,25,3,0.0,23,2,0,0,,,0,0,0,,2014-06-30
leaf_2014_ED_25_4,2014,ED,25,4,0.0,25,0,0,0,,,0,0,0,,2014-06-30
leaf_2014_ED_25_5,2014,ED,25,5,0.0,15,2,0,0,,,0,0,0,,2014-06-30
leaf_2014_ED_26_1,2014,ED,26,1,0.0,39,2,0,60,,,0,0,0,,2014-06-30
leaf_2014_ED_26_2,2014,ED,26,2,0.0,42,2,0,65,,,2,0,0,,2014-06-30
leaf_2014_ED_26_3,2014,ED,26,3,0.0,42,2,8,55,,,0,0,0,,2014-06-30
leaf_2014_ED_26_4,2014,ED,26,4,0.0,40,1,76,70,,,0,0,0,,2014-06-30
leaf_2014_ED_26_5,2014,ED,26,5,0.0,39,0,5,50,,,0,0,0,,2014-06-30
leaf_2014_ED_26_6,2014,ED,26,6,0.0,40,0,97,55,,,0,0,0,,2014-06-30
leaf_2014_ED_26_7,2014,ED,26,7,0.0,34,0,80,100,,,0,0,0,,2014-06-30
leaf_2014_ED_26_8,2014,ED,26,8,0.0,24,0,100,85,,,0,0,0,,2014-06-30
leaf_2014_ED_26_9,2014,ED,26,9,0.0,10,0,0,0,,,0,0,0,,2014-06-30
leaf_2014_ED_27_1,2014,ED,27,1,0.0,35,2,0,2,,,0,0,0,,2014-06-30
leaf_2014_ED_27_2,2014,ED,27,2,0.0,32,1,0,0,,,0,0,0,,2014-06-30
leaf_2014_ED_27_3,2014,ED,27,3,0.0,25,0,20,0,,,0,0,0,,2014-06-30
leaf_2014_ED_28_1,2014,ED,28,1,0.0,34,2,0,0,,,0,0,0,,2014-06-30
leaf_2014_ED_28_2,2014,ED,28,2,0.0,35,2,0,0,,,0,0,0,,2014-06-30
leaf_2014_ED_28_3,2014,ED,28,3,0.0,26,0,0,3,,,0,0,0,,2014-06-30
leaf_2014_ED_29_1,2014,ED,29,1,0.0,30,2,70,0,,,0,0,0,,2014-06-30
leaf_2014_ED_29_2,2014,ED,29,2,0.0,40,2,0,55,,,0,0,0,,2014-06-30
leaf_2014_ED_29_3,2014,ED,29,3,0.0,43,2,52,55,,,0,0,0,,2014-06-30
leaf_2014_ED_29_4,2014,ED,29,4,0.0,38,1,65,0,,,25,0,0,,2014-06-30
leaf_2014_ED_29_5,2014,ED,29,5,0.0,39,0,75,0,,,0,0,0,,2014-06-30
leaf_2014_ED_29_6,2014,ED,29,6,0.0,24,0,100,,,,,0,0,,2014-06-30
leaf_2014_ED_30_1,2014,ED,30,1,0.0,30,2,0,0,,,0,0,0,,2014-06-30
leaf_2014_ED_30_2,2014,ED,30,2,0.0,37,2,4,0,,,0,0,0,,2014-06-30
leaf_2014_ED_30_3,2014,ED,30,3,0.0,35,2,52,0,,,0,0,0,,2014-06-30
leaf_2014_ED_30_4,2014,ED,30,4,0.0,40,2,2,0,,,0,0,0,,2014-06-30
leaf_2014_ED_30_5,2014,ED,30,5,0.0,34,1,90,95,,,0,0,0,,2014-06-30
leaf_2014_ED_30_6,2014,ED,30,6,0.0,30,0,95,100,,,0,0,0,,2014-06-30
leaf_2014_ED_30_7,2014,ED,30,7,0.0,29,2,0,0,,,0,0,0,,2014-06-30
leaf_2014_RP_1_1,2014,RP,1,1,0.0,37,0,0,0,,,0,0,0,,2014-06-23
leaf_2014_RP_1_2,2014,RP,1,2,0.0,42,0,0,0,,,0,0,0,,2014-06-23
leaf_2014_RP_1_3,2014,RP,1,3,0.0,36,0,0,0,,,0,0,0,,2014-06-23
leaf_2014_RP_1_4,2014,RP,1,4,0.0,43,0,0,0,,,0,0,0,,2014-06-23
leaf_2014_RP_1_5,2014,RP,1,5,0.0,37,0,0,0,,,0,0,0,,2014-06-23
leaf_2014_RP_1_6,2014,RP,1,6,0.0,36,0,0,0,,,0,0,0,,2014-06-23
leaf_2014_RP_1_7,2014,RP,1,7,0.0,34,0,0,15,,,0,0,0,,2014-06-23
leaf_2014_RP_1_8,2014,RP,1,8,0.0,13,4,0,1,,,0,0,0,,2014-06-23
leaf_2014_RP_1_9,2014,RP,1,9,0.0,21,2,0,0,,,0,0,0,,2014-06-23
leaf_2014_RP_1_10,2014,RP,1,10,0.0,23,2,0,0,,,0,0,0,,2014-06-23
leaf_2014_RP_1_11,2014,RP,1,11,0.0,16,1,0,0,,,0,0,0,,2014-06-23
leaf_2014_RP_1_12,2014,RP,1,12,0.0,9,2,0,0,,,0,0,0,,2014-06-23
leaf_2014_RP_2_1,2014,RP,2,1,0.0,11,2,0,0,,,0,0,0,,2014-06-23
leaf_2014_RP_2_2,2014,RP,2,2,0.0,43,1,0,0,,,0,0,0,,2014-06-23
leaf_2014_RP_2_3,2014,RP,2,3,0.0,42,0,0,0,,,0,0,0,,2014-06-23
leaf_2014_RP_2_4,2014,RP,2,4,0.0,33,0,0,0,,,0,0,0,,2014-06-23
leaf_2014_RP_2_5,2014,RP,2,5,0.0,45,0,0,0,,,0,0,0,,2014-06-23
leaf_2014_RP_2_6,2014,RP,2,6,1.0,,,,,,,,,,,2014-06-23
leaf_2014_RP_2_7,2014,RP,2,7,0.0,35,0,0,0,,,0,0,0,,2014-06-23
leaf_2014_RP_3_1,2014,RP,3,1,1.0,,,,,,,,,,,2014-06-23
leaf_2014_RP_3_2,2014,RP,3,2,0.0,35,2,0,0,,,0,0,0,,2014-06-23
leaf_2014_RP_3_3,2014,RP,3,3,0.0,29,2,0,0,,,0,0,0,,2014-06-23
leaf_2014_RP_3_4,2014,RP,3,4,0.0,37,0,0,0,,,3,0,0,,2014-06-23
leaf_2014_RP_3_5,2014,RP,3,5,0.0,25,0,0,0,,,0,0,0,,2014-06-23
leaf_2014_RP_4_1,2014,RP,4,1,0.0,36,2,0,0,,,0,0,0,,2014-06-23
leaf_2014_RP_4_2,2014,RP,4,2,0.0,44,1,0,0,,,0,0,0,,2014-06-23
leaf_2014_RP_4_3,2014,RP,4,3,0.0,45,0,0,0,,,0,0,0,,2014-06-23
leaf_2014_RP_4_4,2014,RP,4,4,0.0,40,0,0,0,,,0,0,0,,2014-06-23
leaf_2014_RP_4_5,2014,RP,4,5,0.0,46,0,0,0,,,0,0,0,,2014-06-23
leaf_2014_RP_4_6,2014,RP,4,6,0.0,36,0,0,0,,,0,0,0,,2014-06-23
leaf_2014_RP_5_1,2014,RP,5,1,0.0,35,2,0,0,,,0,0,0,,2014-06-23
leaf_2014_RP_5_2,2014,RP,5,2,0.0,43,2,0,0,,,0,0,0,,2014-06-23
leaf_2014_RP_5_3,2014,RP,5,3,0.0,45,0,0,0,,,0,0,0,,2014-06-23
leaf_2014_RP_5_4,2014,RP,5,4,0.0,44,0,0,0,,,0,0,0,,2014-06-23
leaf_2014_RP_5_5,2014,RP,5,5,0.0,39,0,0,0,,,0,0,0,,2014-06-23
leaf_2014_RP_5_6,2014,RP,5,6,0.0,27,0,0,0,,,0,0,0,,2014-06-23
leaf_2014_RP_6_1,2014,RP,6,1,0.0,26,2,0,0,,,0,0,0,,2014-06-23
leaf_2014_RP_6_2,2014,RP,6,2,0.0,33,0,0,0,,,0,0,0,,2014-06-23
leaf_2014_RP_6_3,2014,RP,6,3,0.0,20,0,0,100,,,0,0,0,,2014-06-23
leaf_2014_RP_6_4,2014,RP,6,4,0.0,21,,0,0,,,15,0,1,,2014-06-23
leaf_2014_RP_7_1,2014,RP,7,1,1.0,,,,,,,,,,,2014-06-23
leaf_2014_RP_7_2,2014,RP,7,2,0.0,44,0,0,0,,,0,0,0,,2014-06-23
leaf_2014_RP_7_3,2014,RP,7,3,0.0,43,0,0,0,,,0,0,0,,2014-06-23
leaf_2014_RP_7_4,2014,RP,7,4,0.0,25,0,0,0,,,0,0,0,,2014-06-23
leaf_2014_RP_8_1,2014,RP,8,1,0.0,34,2,0,0,,,0,0,0,,2014-06-23
leaf_2014_RP_8_2,2014,RP,8,2,0.0,39,0,0,0,,,0,0,0,,2014-06-23
leaf_2014_RP_8_3,2014,RP,8,3,0.0,37,0,0,0,,,0,0,0,,2014-06-23
leaf_2014_RP_8_4,2014,RP,8,4,0.0,30,0,0,0,,,0,0,0,,2014-06-23
leaf_2014_RP_8_5,2014,RP,8,5,0.0,16,0,0,0,,,0,0,0,,2014-06-23
leaf_2014_RP_9_1,2014,RP,9,1,0.0,32,2,0,100,,,0,0,0,,2014-06-23
leaf_2014_RP_9_2,2014,RP,9,2,0.0,34,2,0,0,,,0,0,0,,2014-06-23
leaf_2014_RP_9_3,2014,RP,9,3,0.0,37,0,0,0,,,0,0,0,,2014-06-23
leaf_2014_RP_9_4,2014,RP,9,4,0.0,41,0,0,0,,,0,0,0,,2014-06-23
leaf_2014_RP_9_5,2014,RP,9,5,0.0,27,0,0,0,,,0,0,0,,2014-06-23
leaf_2014_RP_10_1,2014,RP,10,1,1.0,,,,,,,,,,,2014-06-23
leaf_2014_RP_10_2,2014,RP,10,2,0.0,39,2,0,0,,,0,0,0,,2014-06-23
leaf_2014_RP_10_3,2014,RP,10,3,0.0,45,0,0,0,,,0,0,0,,2014-06-23
leaf_2014_RP_10_4,2014,RP,10,4,0.0,34,0,0,0,,,0,0,0,,2014-06-23
leaf_2014_RP_10_5,2014,RP,10,5,0.0,40,0,0,0,,,0,0,0,,2014-06-23
leaf_2014_RP_10_6,2014,RP,10,6,0.0,28,0,0,0,,,0,0,0,,2014-06-23
leaf_2014_RP_11_1,2014,RP,11,1,1.0,,,,,,,,,,,2014-06-23
leaf_2014_RP_11_2,2014,RP,11,2,0.0,32,2,0,0,,,0,0,0,,2014-06-23
leaf_2014_RP_11_3,2014,RP,11,3,0.0,38,0,0,0,,,0,0,0,,2014-06-23
leaf_2014_RP_11_4,2014,RP,11,4,0.0,37,0,0,0,,,0,0,0,,2014-06-23
leaf_2014_RP_12_1,2014,RP,12,1,0.0,34,2,0,0,,,0,0,0,,2014-06-23
leaf_2014_RP_12_2,2014,RP,12,2,0.0,32,0,0,0,,,0,0,0,,2014-06-23
leaf_2014_RP_12_3,2014,RP,12,3,0.0,35,0,0,0,,,0,0,0,,2014-06-23
leaf_2014_RP_12_4,2014,RP,12,4,0.0,10,0,0,0,,,0,0,0,,2014-06-23
leaf_2014_RP_13_1,2014,RP,13,1,0.0,34,2,0,0,,,0,0,0,,2014-06-23
leaf_2014_RP_13_2,2014,RP,13,2,0.0,38,2,0,0,,,0,0,0,,2014-06-23
leaf_2014_RP_13_3,2014,RP,13,3,0.0,42,0,0,0,,,0,0,0,,2014-06-23
leaf_2014_RP_13_4,2014,RP,13,4,0.0,32,0,0,0,,,0,0,0,,2014-06-23
leaf_2014_RP_13_5,2014,RP,13,5,0.0,39,0,0,0,,,3,0,0,,2014-06-23
leaf_2014_RP_13_6,2014,RP,13,6,0.0,34,0,0,0,,,0,0,0,,2014-06-23
leaf_2014_RP_13_7,2014,RP,13,7,0.0,13,1,0,0,,,0,0,0,,2014-06-23
leaf_2014_RP_14_1,2014,RP,14,1,0.0,20,2,0,0,,,0,0,0,,2014-06-23
leaf_2014_RP_14_2,2014,RP,14,2,0.0,33,2,0,0,,,0,0,0,,2014-06-23
leaf_2014_RP_14_3,2014,RP,14,3,0.0,43,0,0,0,,,0,0,0,,2014-06-23
leaf_2014_RP_14_4,2014,RP,14,4,0.0,30,0,0,0,,,0,0,0,,2014-06-23
leaf_2014_RP_14_5,2014,RP,14,5,0.0,30,0,0,0,,,0,0,0,,2014-06-23
leaf_2014_RP_15_1,2014,RP,15,1,0.0,29,2,0,0,,,0,0,0,,2014-06-23
leaf_2014_RP_15_2,2014,RP,15,2,0.0,30,2,0,0,,,0,0,0,,2014-06-23
leaf_2014_RP_15_3,2014,RP,15,3,0.0,27,0,0,0,,,0,0,0,,2014-06-23
leaf_2014_RP_15_4,2014,RP,15,4,0.0,24,0,0,0,,,0,0,0,,2014-06-23
leaf_2014_RP_16_1,2014,RP,16,1,0.0,25,2,0,0,,,0,0,0,,2014-06-23
leaf_2014_RP_16_2,2014,RP,16,2,0.0,35,2,0,0,,,0,0,0,,2014-06-23
leaf_2014_RP_16_3,2014,RP,16,3,0.0,35,0,0,0,,,0,0,0,,2014-06-23
leaf_2014_RP_16_4,2014,RP,16,4,0.0,23,0,0,0,,,0,0,0,,2014-06-23
leaf_2014_RP_16_5,2014,RP,16,5,0.0,31,0,0,0,,,2,0,0,,2014-06-23
leaf_2014_RP_16_6,2014,RP,16,6,0.0,21,0,0,0,,,0,0,0,,2014-06-23
leaf_2014_RP_17_1,2014,RP,17,1,0.0,14,0,0,0,,,0,0,0,,2014-06-23
leaf_2014_RP_17_2,2014,RP,17,2,0.0,38,0,0,0,,,0,0,0,,2014-06-23
leaf_2014_RP_17_3,2014,RP,17,3,0.0,35,0,0,0,,,0,0,0,,2014-06-23
leaf_2014_RP_17_4,2014,RP,17,4,0.0,21,0,0,0,,,0,0,0,,2014-06-23
leaf_2014_RP_18_1,2014,RP,18,1,0.0,36,2,0,0,,,0,0,0,,2014-06-23
leaf_2014_RP_18_2,2014,RP,18,2,0.0,40,0,0,0,,,0,0,0,,2014-06-23
leaf_2014_RP_18_3,2014,RP,18,3,0.0,37,0,0,0,,,0,0,0,,2014-06-23
leaf_2014_RP_18_4,2014,RP,18,4,0.0,35,0,0,0,,,0,0,0,,2014-06-23
leaf_2014_RP_19_1,2014,RP,19,1,0.0,44,2,0,0,,,0,0,0,,2014-06-23
leaf_2014_RP_19_2,2014,RP,19,2,0.0,40,1,0,0,,,5,0,0,,2014-06-23
leaf_2014_RP_19_3,2014,RP,19,3,0.0,42,0,0,0,,,0,0,0,,2014-06-23
leaf_2014_RP_19_4,2014,RP,19,4,0.0,45,0,0,0,,,0,0,0,,2014-06-23
leaf_2014_RP_19_5,2014,RP,19,5,0.0,19,0,0,0,,,0,0,0,,2014-06-23
leaf_2014_RP_20_1,2014,RP,20,1,0.0,46,2,0,45,,,4,0,0,,2014-06-23
leaf_2014_RP_20_2,2014,RP,20,2,0.0,49,0,0,0,,,2,0,0,,2014-06-23
leaf_2014_RP_20_3,2014,RP,20,3,0.0,35,0,0,0,,,4,0,0,,2014-06-23
leaf_2014_RP_20_4,2014,RP,20,4,0.0,47,0,0,0,,,2,0,0,,2014-06-23
leaf_2014_RP_20_5,2014,RP,20,5,0.0,41,0,0,0,,,0,0,0,,2014-06-23
leaf_2014_RP_21_1,2014,RP,21,1,0.0,34,2,0,0,,,0,0,0,,2014-06-23
leaf_2014_RP_21_2,2014,RP,21,2,0.0,45,1,0,0,,,0,0,0,,2014-06-23
leaf_2014_RP_21_3,2014,RP,21,3,0.0,40,0,0,0,,,0,0,0,,2014-06-23
leaf_2014_RP_21_4,2014,RP,21,4,0.0,45,0,0,0,,,0,0,0,,2014-06-23
leaf_2014_RP_21_5,2014,RP,21,5,0.0,37,0,0,0,,,0,0,0,,2014-06-23
leaf_2014_RP_22_1,2014,RP,22,1,0.0,22,2,0,0,,,0,0,0,,2014-06-23
leaf_2014_RP_22_2,2014,RP,22,2,0.0,31,2,0,0,,,0,0,0,,2014-06-23
leaf_2014_RP_22_3,2014,RP,22,3,0.0,35,0,0,0,,,0,0,0,,2014-06-23
leaf_2014_RP_22_4,2014,RP,22,4,0.0,22,2,0,0,,,0,0,0,,2014-06-23
leaf_2014_RP_22_5,2014,RP,22,5,0.0,30,0,0,0,,,0,0,0,,2014-06-23
leaf_2014_RP_22_6,2014,RP,22,6,0.0,23,0,0,0,,,0,0,0,,2014-06-23
leaf_2014_RP_23_1,2014,RP,23,1,0.0,31,2,0,0,,,0,0,0,,2014-06-23
leaf_2014_RP_23_2,2014,RP,23,2,0.0,29,0,0,0,,,0,0,0,,2014-06-23
leaf_2014_RP_23_3,2014,RP,23,3,0.0,20,0,0,0,,,0,0,0,,2014-06-23
leaf_2014_RP_23_4,2014,RP,23,4,0.0,14,0,0,0,,,0,0,0,,2014-06-23
leaf_2014_RP_24_1,2014,RP,24,1,0.0,21,2,0,0,,,0,0,0,,2014-06-23
leaf_2014_RP_24_2,2014,RP,24,2,0.0,30,2,0,0,,,0,0,0,,2014-06-23
leaf_2014_RP_24_3,2014,RP,24,3,0.0,35,0,0,0,,,17,0,0,,2014-06-23
leaf_2014_RP_24_4,2014,RP,24,4,0.0,16,0,0,0,,,0,0,0,,2014-06-23
leaf_2014_RP_25_1,2014,RP,25,1,0.0,28,2,0,0,,,0,0,0,,2014-06-23
leaf_2014_RP_25_2,2014,RP,25,2,0.0,28,2,0,0,,,0,0,0,,2014-06-23
leaf_2014_RP_25_3,2014,RP,25,3,0.0,29,1,0,0,,,2,0,0,,2014-06-23
leaf_2014_RP_25_4,2014,RP,25,4,0.0,21,0,0,0,,,2,0,0,,2014-06-23
leaf_2014_RP_25_5,2014,RP,25,5,0.0,25,0,0,0,,,0,0,0,,2014-06-23
leaf_2014_RP_26_1,2014,RP,26,1,0.0,41,0,0,0,,,0,0,0,,2014-06-23
leaf_2014_RP_26_2,2014,RP,26,2,0.0,44,0,0,0,,,0,0,0,,2014-06-23
leaf_2014_RP_26_3,2014,RP,26,3,0.0,39,0,0,0,,,0,0,0,,2014-06-23
leaf_2014_RP_26_4,2014,RP,26,4,0.0,35,0,0,0,,,0,0,0,,2014-06-23
leaf_2014_RP_26_5,2014,RP,26,5,0.0,16,0,0,0,,,0,0,0,,2014-06-23
leaf_2014_RP_27_1,2014,RP,27,1,0.0,33,2,0,0,,,1,0,0,,2014-06-23
leaf_2014_RP_27_2,2014,RP,27,2,0.0,42,2,0,0,,,0,0,0,,2014-06-23
leaf_2014_RP_27_3,2014,RP,27,3,0.0,48,0,0,0,,,0,0,0,,2014-06-23
leaf_2014_RP_27_4,2014,RP,27,4,0.0,30,0,0,0,,,0,0,0,,2014-06-23
leaf_2014_RP_27_5,2014,RP,27,5,0.0,43,0,0,0,,,0,0,0,,2014-06-23
leaf_2014_RP_27_6,2014,RP,27,6,0.0,34,0,0,0,,,1,0,0,,2014-06-23
leaf_2014_RP_28_1,2014,RP,28,1,0.0,34,1,0,0,,,0,0,0,,2014-06-23
leaf_2014_RP_28_2,2014,RP,28,2,0.0,33,0,0,0,,,0,0,0,,2014-06-23
leaf_2014_RP_28_3,2014,RP,28,3,0.0,23,0,0,0,,,0,0,0,,2014-06-23
leaf_2014_RP_28_4,2014,RP,28,4,0.0,27,0,0,0,,,0,0,0,,2014-06-23
leaf_2014_RP_29_1,2014,RP,29,1,0.0,31,2,0,0,,,0,0,0,,2014-06-23
leaf_2014_RP_29_2,2014,RP,29,2,0.0,31,1,0,0,,,0,0,0,,2014-06-23
leaf_2014_RP_29_3,2014,RP,29,3,0.0,33,0,0,0,,,0,0,0,,2014-06-23
leaf_2014_RP_29_4,2014,RP,29,4,0.0,28,0,0,0,,,0,0,0,,2014-06-23
leaf_2014_RP_29_5,2014,RP,29,5,0.0,27,0,0,0,,,0,0,0,,2014-06-23
leaf_2014_RP_29_6,2014,RP,29,6,0.0,18,0,0,0,,,0,0,0,,2014-06-23
leaf_2014_RP_30_1,2014,RP,30,1,0.0,34,2,0,0,,,0,0,0,,2014-06-23
leaf_2014_RP_30_2,2014,RP,30,2,0.0,36,0,0,0,,,0,0,0,,2014-06-23
leaf_2014_RP_30_3,2014,RP,30,3,0.0,24,0,0,0,,,0,0,0,,2014-06-23
leaf_2014_RP_30_4,2014,RP,30,4,0.0,32,0,0,0,,,0,0,0,,2014-06-23
leaf_2014_RP_30_5,2014,RP,30,5,0.0,12,0,0,0,,,0,0,0,,2014-06-23
leaf_2014_RP_31_1,2014,RP,31,1,0.0,33,2,0,0,,,0,0,0,,2014-06-23
leaf_2014_RP_31_2,2014,RP,31,2,0.0,34,0,0,0,,,0,0,0,,2014-06-23
leaf_2014_RP_31_3,2014,RP,31,3,0.0,34,0,0,0,,,0,0,0,,2014-06-23
leaf_2014_RP_31_4,2014,RP,31,4,0.0,33,0,0,0,,,0,0,0,,2014-06-23
leaf_2014_RP_31_5,2014,RP,31,5,0.0,28,0,100,0,,,0,0,0,,2014-06-23
leaf_2014_RP_31_6,2014,RP,31,6,0.0,23,0,0,0,,,30,0,0,,2014-06-23
leaf_2014_RP_32_1,2014,RP,32,1,0.0,26,2,0,0,,,0,0,0,,2014-06-23
leaf_2014_RP_32_2,2014,RP,32,2,0.0,36,1,0,0,,,0,0,0,,2014-06-23
leaf_2014_RP_32_3,2014,RP,32,3,0.0,38,0,0,0,,,0,0,0,,2014-06-23
leaf_2014_RP_32_4,2014,RP,32,4,0.0,20,0,0,0,,,0,0,0,,2014-06-23
leaf_2014_RP_32_5,2014,RP,32,5,0.0,26,0,0,0,,,0,0,0,,2014-06-23
leaf_2014_WR_1_1,2014,WR,1,1,0.0,45,2,0,0,,,0,0,0,,2014-06-20
leaf_2014_WR_1_2,2014,WR,1,2,0.0,45,0,0,0,,,3,0,0,,2014-06-20
leaf_2014_WR_1_3,2014,WR,1,3,0.0,61,0,0,0,,,0,0,0,,2014-06-20
leaf_2014_WR_1_4,2014,WR,1,4,0.0,60,0,20,0,,,0,0,0,,2014-06-20
leaf_2014_WR_1_5,2014,WR,1,5,0.0,55,0,0,0,,,0,0,0,,2014-06-20
leaf_2014_WR_1_6,2014,WR,1,6,0.0,59,0,0,0,,,0,0,0,,2014-06-20
leaf_2014_WR_1_7,2014,WR,1,7,0.0,45,0,0,0,,,0,0,0,,2014-06-20
leaf_2014_WR_1_8,2014,WR,1,8,0.0,17,0,25,3,,,0,0,0,,2014-06-20
leaf_2014_WR_2_1,2014,WR,2,1,0.0,45,0,0,0,,,0,0,0,,2014-06-20
leaf_2014_WR_2_2,2014,WR,2,2,0.0,41,0,0,0,,,0,0,0,,2014-06-20
leaf_2014_WR_2_3,2014,WR,2,3,0.0,60,0,30,0,,,0,0,0,,2014-06-20
leaf_2014_WR_2_4,2014,WR,2,4,0.0,46,0,0,0,,,0,0,0,,2014-06-20
leaf_2014_WR_2_5,2014,WR,2,5,0.0,44,0,0,0,,,0,0,0,,2014-06-20
leaf_2014_WR_2_6,2014,WR,2,6,0.0,11,0,0,0,,,0,0,0,,2014-06-20
leaf_2014_WR_3_1,2014,WR,3,1,0.0,40,2,0,0,,,0,0,0,,2014-06-20
leaf_2014_WR_3_2,2014,WR,3,2,0.0,49,2,0,0,,,0,0,0,,2014-06-20
leaf_2014_WR_3_3,2014,WR,3,3,0.0,50,0,0,0,,,0,0,0,,2014-06-20
leaf_2014_WR_3_4,2014,WR,3,4,0.0,52,3,30,0,,,0,0,0,,2014-06-20
leaf_2014_WR_3_5,2014,WR,3,5,0.0,42,0,0,0,,,0,0,0,,2014-06-20
leaf_2014_WR_3_6,2014,WR,3,6,0.0,16,3,0,0,,,0,0,0,,2014-06-20
leaf_2014_WR_3_7,2014,WR,3,7,0.0,8,2,0,0,,,0,0,0,,2014-06-20
leaf_2014_WR_4_1,2014,WR,4,1,1.0,,,,,,,,,,,2014-06-20
leaf_2014_WR_4_2,2014,WR,4,2,0.0,33,2,0,0,,,0,0,0,,2014-06-20
leaf_2014_WR_4_3,2014,WR,4,3,0.0,40,2,0,0,,,0,0,0,,2014-06-20
leaf_2014_WR_4_4,2014,WR,4,4,0.0,34,2,0,0,,,0,0,0,,2014-06-20
leaf_2014_WR_4_5,2014,WR,4,5,0.0,42,0,0,0,,,0,0,0,,2014-06-20
leaf_2014_WR_4_6,2014,WR,4,6,0.0,41,0,55,0,,,3,0,0,,2014-06-20
leaf_2014_WR_4_7,2014,WR,4,7,0.0,36,0,65,0,,,15,0,0,,2014-06-20
leaf_2014_WR_4_8,2014,WR,4,8,0.0,36,0,0,0,,,0,0,0,,2014-06-20
leaf_2014_WR_4_9,2014,WR,4,9,0.0,13,0,100,100,,,0,0,0,,2014-06-20
leaf_2014_WR_4_10,2014,WR,4,10,0.0,10,2,0,0,,,0,0,0,,2014-06-20
leaf_2014_WR_4_11,2014,WR,4,11,0.0,15,1,15,0,,,0,0,0,,2014-06-20
leaf_2014_WR_5_1,2014,WR,5,1,0.0,15,2,0,0,,,0,0,0,,2014-06-20
leaf_2014_WR_5_2,2014,WR,5,2,0.0,36,3,0,0,,,0,0,0,,2014-06-20
leaf_2014_WR_5_3,2014,WR,5,3,0.0,39,1,0,0,,,0,0,0,,2014-06-20
leaf_2014_WR_5_4,2014,WR,5,4,0.0,25,1,0,0,,,15,0,0,,2014-06-20
leaf_2014_WR_5_5,2014,WR,5,5,0.0,43,1,15,50,,,5,0,0,,2014-06-20
leaf_2014_WR_5_6,2014,WR,5,6,0.0,39,1,20,3,,,3,0,0,,2014-06-20
leaf_2014_WR_5_7,2014,WR,5,7,0.0,19,2,20,25,,,2,0,0,,2014-06-20
leaf_2014_WR_5_8,2014,WR,5,8,0.0,23,2,0,5,,,0,0,0,,2014-06-20
leaf_2014_WR_6_1,2014,WR,6,1,0.0,34,1,0,0,,,0,0,0,,2014-06-20
leaf_2014_WR_6_2,2014,WR,6,2,0.0,39,0,0,0,,,0,0,0,,2014-06-20
leaf_2014_WR_6_3,2014,WR,6,3,0.0,28,0,0,0,,,3,0,0,,2014-06-20
leaf_2014_WR_6_4,2014,WR,6,4,0.0,40,0,0,0,,,7,0,0,,2014-06-20
leaf_2014_WR_6_5,2014,WR,6,5,0.0,38,0,2,0,,,0,0,0,,2014-06-20
leaf_2014_WR_6_6,2014,WR,6,6,0.0,30,0,0,0,,,0,0,0,,2014-06-20
leaf_2014_WR_7_1,2014,WR,7,1,0.0,28,2,0,0,,,0,0,0,,2014-06-20
leaf_2014_WR_7_2,2014,WR,7,2,0.0,32,3,0,95,,,0,0,0,,2014-06-20
leaf_2014_WR_7_3,2014,WR,7,3,0.0,31,2,0,0,,,0,0,0,,2014-06-20
leaf_2014_WR_7_4,2014,WR,7,4,0.0,36,2,0,0,,,0,0,0,,2014-06-20
leaf_2014_WR_7_5,2014,WR,7,5,0.0,35,0,0,0,,,0,0,0,,2014-06-20
leaf_2014_WR_7_6,2014,WR,7,6,0.0,38,0,0,0,,,0,0,0,,2014-06-20
leaf_2014_WR_7_7,2014,WR,7,7,0.0,41,0,0,0,,,0,0,0,,2014-06-20
leaf_2014_WR_7_8,2014,WR,7,8,0.0,33,0,35,0,,,0,0,0,,2014-06-20
leaf_2014_WR_7_9,2014,WR,7,9,0.0,38,0,0,0,,,0,0,0,,2014-06-20
leaf_2014_WR_7_10,2014,WR,7,10,0.0,23,0,10,3,,,0,0,0,,2014-06-20
leaf_2014_WR_8_1,2014,WR,8,1,0.0,50,2,60,0,,,2,0,0,,2014-06-20
leaf_2014_WR_8_2,2014,WR,8,2,0.0,55,2,0,0,,,0,0,0,,2014-06-20
leaf_2014_WR_8_3,2014,WR,8,3,0.0,56,0,0,0,,,0,0,0,,2014-06-20
leaf_2014_WR_8_4,2014,WR,8,4,0.0,51,0,0,0,,,0,0,0,,2014-06-20
leaf_2014_WR_8_5,2014,WR,8,5,0.0,23,2,5,80,,,0,0,0,,2014-06-20
leaf_2014_WR_8_6,2014,WR,8,6,0.0,22,2,30,90,,,0,0,0,,2014-06-20
leaf_2014_WR_8_7,2014,WR,8,7,0.0,21,2,15,0,,,5,0,0,,2014-06-20
leaf_2014_WR_8_8,2014,WR,8,8,0.0,27,2,5,0,,,0,0,0,,2014-06-20
leaf_2014_WR_8_9,2014,WR,8,9,0.0,23,1,0,0,,,0,0,0,,2014-06-20
leaf_2014_WR_8_10,2014,WR,8,10,0.0,14,2,0,0,,,0,0,0,,2014-06-20
leaf_2014_WR_9_1,2014,WR,9,1,0.0,38,3,0,0,,,0,0,0,,2014-06-20
leaf_2014_WR_9_2,2014,WR,9,2,0.0,63,4,0,0,,,0,0,0,,2014-06-20
leaf_2014_WR_9_3,2014,WR,9,3,0.0,62,3,30,0,,,3,0,0,,2014-06-20
leaf_2014_WR_9_4,2014,WR,9,4,0.0,44,1,65,0,,,5,0,0,,2014-06-20
leaf_2014_WR_9_5,2014,WR,9,5,0.0,66,0,25,0,,,0,0,0,,2014-06-20
leaf_2014_WR_9_6,2014,WR,9,6,0.0,56,0,35,0,,,15,0,0,,2014-06-20
leaf_2014_WR_9_7,2014,WR,9,7,0.0,57,0,30,0,,,0,0,0,,2014-06-20
leaf_2014_WR_9_8,2014,WR,9,8,0.0,55,0,0,0,,,4,0,0,,2014-06-20
leaf_2014_WR_9_9,2014,WR,9,9,0.0,57,0,0,2,,,0,0,0,,2014-06-20
leaf_2014_WR_9_10,2014,WR,9,10,0.0,60,0,5,15,,,0,0,0,,2014-06-20
leaf_2014_WR_9_11,2014,WR,9,11,0.0,34,2,65,30,,,25,0,0,,2014-06-20
leaf_2014_WR_9_12,2014,WR,9,12,0.0,19,3,0,0,,,0,0,0,,2014-06-20
leaf_2014_WR_9_13,2014,WR,9,13,0.0,36,3,0,0,,,0,0,0,,2014-06-20
leaf_2014_WR_9_14,2014,WR,9,14,0.0,30,2,0,5,,,0,0,0,,2014-06-20
leaf_2014_WR_9_15,2014,WR,9,15,0.0,19,2,0,0,,,0,0,0,,2014-06-20
leaf_2014_WR_9_16,2014,WR,9,16,0.0,14,2,0,0,,,0,0,0,,2014-06-20
leaf_2014_WR_9_17,2014,WR,9,17,0.0,,2,0,0,,,0,0,0,,2014-06-20
leaf_2014_WR_10_1,2014,WR,10,1,1.0,,,,,,,,,,,2014-06-20
leaf_2014_WR_10_2,2014,WR,10,2,0.0,48,2,0,0,,,0,0,0,,2014-06-20
leaf_2014_WR_10_3,2014,WR,10,3,0.0,,2,0,0,,,80,0,0,,2014-06-20
leaf_2014_WR_10_4,2014,WR,10,4,0.0,53,0,0,20,,,0,0,0,,2014-06-20
leaf_2014_WR_10_5,2014,WR,10,5,0.0,46,0,10,0,,,0,0,0,,2014-06-20
leaf_2014_WR_10_6,2014,WR,10,6,0.0,49,1,5,5,,,3,0,0,,2014-06-20
leaf_2014_WR_10_7,2014,WR,10,7,0.0,51,0,0,0,,,40,0,0,,2014-06-20
leaf_2014_WR_10_8,2014,WR,10,8,0.0,33,3,0,5,,,3,0,0,,2014-06-20
leaf_2014_WR_10_9,2014,WR,10,9,0.0,43,2,2,0,,,0,0,0,,2014-06-20
leaf_2014_WR_10_10,2014,WR,10,10,0.0,29,2,0,30,,,0,0,0,,2014-06-20
leaf_2014_WR_10_11,2014,WR,10,11,0.0,27,2,0,1,,,0,0,0,,2014-06-20
leaf_2014_WR_10_12,2014,WR,10,12,0.0,21,2,0,0,,,0,0,0,,2014-06-20
leaf_2014_WR_10_13,2014,WR,10,13,0.0,13,2,0,2,,,0,0,0,,2014-06-20
leaf_2014_WR_11_1,2014,WR,11,1,0.0,35,4,0,0,,,0,0,0,,2014-06-20
leaf_2014_WR_11_2,2014,WR,11,2,0.0,41,3,0,0,,,0,0,0,,2014-06-20
leaf_2014_WR_11_3,2014,WR,11,3,0.0,46,1,0,0,,,0,0,0,,2014-06-20
leaf_2014_WR_11_4,2014,WR,11,4,0.0,38,0,0,0,,,3,0,0,,2014-06-20
leaf_2014_WR_11_5,2014,WR,11,5,0.0,49,0,0,0,,,0,0,0,,2014-06-20
leaf_2014_WR_11_6,2014,WR,11,6,0.0,46,0,0,0,,,0,0,0,,2014-06-20
leaf_2014_WR_11_7,2014,WR,11,7,0.0,39,0,15,0,,,0,0,0,,2014-06-20
leaf_2014_WR_11_8,2014,WR,11,8,0.0,36,0,80,20,,,0,0,0,,2014-06-20
leaf_2014_WR_12_1,2014,WR,12,1,0.0,37,2,0,0,,,2,0,0,,2014-06-20
leaf_2014_WR_12_2,2014,WR,12,2,0.0,40,3,0,0,,,50,0,0,,2014-06-20
leaf_2014_WR_12_3,2014,WR,12,3,0.0,55,0,0,0,,,5,1,0,,2014-06-20
leaf_2014_WR_12_4,2014,WR,12,4,0.0,42,0,0,0,,,0,0,1,,2014-06-20
leaf_2014_WR_12_5,2014,WR,12,5,0.0,51,0,0,0,,,0,0,0,,2014-06-20
leaf_2014_WR_12_6,2014,WR,12,6,0.0,27,0,0,0,,,0,0,0,,2014-06-20
leaf_2014_WR_13_1,2014,WR,13,1,0.0,,2,0,0,,,90,0,0,,2014-06-20
leaf_2014_WR_13_2,2014,WR,13,2,0.0,22,1,0,0,,,0,0,0,,2014-06-20
leaf_2014_WR_13_3,2014,WR,13,3,0.0,22,0,0,0,,,0,0,0,,2014-06-20
leaf_2014_WR_13_4,2014,WR,13,4,0.0,17,0,0,0,,,0,0,0,,2014-06-20
leaf_2014_WR_13_5,2014,WR,13,5,0.0,20,0,0,0,,,0,0,0,,2014-06-20
leaf_2014_WR_13_6,2014,WR,13,6,0.0,18,1,0,0,,,0,0,0,,2014-06-20
leaf_2014_WR_13_7,2014,WR,13,7,0.0,12,0,0,0,,,2,0,0,,2014-06-20
leaf_2014_WR_14_1,2014,WR,14,1,0.0,36,3,3,0,,,0,0,0,,2014-06-20
leaf_2014_WR_14_2,2014,WR,14,2,0.0,47,2,20,0,,,0,0,0,,2014-06-20
leaf_2014_WR_14_3,2014,WR,14,3,0.0,50,0,40,40,,,0,0,0,,2014-06-20
leaf_2014_WR_14_4,2014,WR,14,4,0.0,36,0,0,0,,,0,0,0,,2014-06-20
leaf_2014_WR_14_5,2014,WR,14,5,0.0,49,0,0,0,,,0,0,0,,2014-06-20
leaf_2014_WR_14_6,2014,WR,14,6,0.0,31,0,40,0,,,0,0,0,,2014-06-20
leaf_2014_WR_14_7,2014,WR,14,7,0.0,40,0,0,55,,,0,0,0,,2014-06-20
leaf_2014_WR_14_8,2014,WR,14,8,0.0,35,0,65,60,,,0,0,0,,2014-06-20
leaf_2014_WR_15_1,2014,WR,15,1,0.0,75,4,0,0,,,8,0,0,,2014-06-20
leaf_2014_WR_15_2,2014,WR,15,2,0.0,83,2,4,0,,,2,0,0,,2014-06-20
leaf_2014_WR_15_3,2014,WR,15,3,0.0,75,1,10,0,,,0,0,0,,2014-06-20
leaf_2014_WR_15_4,2014,WR,15,4,0.0,90,0,0,0,,,5,1,0,,2014-06-20
leaf_2014_WR_15_5,2014,WR,15,5,0.0,80,0,8,1,,,2,1,0,,2014-06-20
leaf_2014_WR_15_6,2014,WR,15,6,0.0,77,0,8,0,,,3,0,0,,2014-06-20
leaf_2014_WR_15_7,2014,WR,15,7,0.0,72,0,10,15,,,3,0,0,,2014-06-20
leaf_2014_WR_15_8,2014,WR,15,8,0.0,48,2,65,60,,,40,0,0,,2014-06-20
leaf_2014_WR_15_9,2014,WR,15,9,0.0,70,2,2,1,,,0,0,0,,2014-06-20
leaf_2014_WR_15_10,2014,WR,15,10,0.0,71,2,1,10,,,5,0,0,,2014-06-20
leaf_2014_WR_15_11,2014,WR,15,11,0.0,70,2,1,1,,,0,0,0,,2014-06-20
leaf_2014_WR_15_12,2014,WR,15,12,0.0,55,0,0,2,,,0,0,0,,2014-06-20
leaf_2014_WR_15_13,2014,WR,15,13,0.0,51,0,2,1,,,0,0,0,,2014-06-20
leaf_2014_WR_15_14,2014,WR,15,14,0.0,41,2,1,1,,,0,0,0,,2014-06-20
leaf_2014_WR_15_15,2014,WR,15,15,0.0,28,2,0,2,,,0,0,0,,2014-06-20
leaf_2014_WR_15_16,2014,WR,15,16,0.0,20,2,0,2,,,0,0,0,,2014-06-20
leaf_2014_WR_15_17,2014,WR,15,17,0.0,14,2,0,0,,,0,0,0,,2014-06-20
leaf_2014_WR_16_1,2014,WR,16,1,0.0,28,2,0,0,,,0,0,0,,2014-06-20
leaf_2014_WR_16_2,2014,WR,16,2,0.0,35,2,0,0,,,0,0,0,,2014-06-20
leaf_2014_WR_16_3,2014,WR,16,3,0.0,38,2,0,0,,,0,0,0,,2014-06-20
leaf_2014_WR_16_4,2014,WR,16,4,0.0,33,2,0,0,,,2,0,0,,2014-06-20
leaf_2014_WR_16_5,2014,WR,16,5,0.0,45,0,0,0,,,0,0,0,,2014-06-20
leaf_2014_WR_16_6,2014,WR,16,6,0.0,44,0,0,0,,,0,0,0,,2014-06-20
leaf_2014_WR_16_7,2014,WR,16,7,0.0,42,0,0,0,,,0,0,0,,2014-06-20
leaf_2014_WR_16_8,2014,WR,16,8,1.0,,,,,,,,,,,2014-06-20
leaf_2014_WR_16_9,2014,WR,16,9,0.0,30,2,90,15,,,0,0,0,,2014-06-20
leaf_2014_WR_16_10,2014,WR,16,10,0.0,30,2,45,20,,,0,0,0,,2014-06-20
leaf_2014_WR_16_11,2014,WR,16,11,0.0,55,2,15,15,,,10,0,0,,2014-06-20
leaf_2014_WR_16_12,2014,WR,16,12,0.0,55,2,10,15,,,3,0,0,,2014-06-20
leaf_2014_WR_16_13,2014,WR,16,13,0.0,43,3,5,35,,,0,0,0,,2014-06-20
leaf_2014_WR_16_14,2014,WR,16,14,0.0,30,2,5,8,,,0,0,0,,2014-06-20
leaf_2014_WR_16_15,2014,WR,16,15,0.0,23,2,0,0,,,0,0,0,,2014-06-20
leaf_2014_WR_17_1,2014,WR,17,1,0.0,19,2,0,0,,,0,0,0,,2014-06-20
leaf_2014_WR_17_2,2014,WR,17,2,0.0,35,2,0,0,,,0,0,0,,2014-06-20
leaf_2014_WR_17_3,2014,WR,17,3,0.0,40,0,0,0,,,0,0,0,,2014-06-20
leaf_2014_WR_17_4,2014,WR,17,4,0.0,36,0,0,0,,,0,0,0,,2014-06-20
leaf_2014_WR_17_5,2014,WR,17,5,0.0,46,0,0,0,,,0,0,0,,2014-06-20
leaf_2014_WR_17_6,2014,WR,17,6,0.0,46,0,0,0,,,0,0,0,,2014-06-20
leaf_2014_WR_17_7,2014,WR,17,7,0.0,26,0,0,0,,,0,0,0,,2014-06-20
leaf_2014_WR_17_8,2014,WR,17,8,0.0,10,0,0,0,,,0,0,0,,2014-06-20
leaf_2014_WR_18_1,2014,WR,18,1,0.0,26,2,0,0,,,0,0,0,,2014-06-20
leaf_2014_WR_18_2,2014,WR,18,2,0.0,32,2,0,0,,,0,0,0,,2014-06-20
leaf_2014_WR_18_3,2014,WR,18,3,0.0,37,0,0,0,,,0,0,0,,2014-06-20
leaf_2014_WR_18_4,2014,WR,18,4,0.0,29,0,100,0,,,0,0,0,,2014-06-20
leaf_2014_WR_18_5,2014,WR,18,5,0.0,35,0,0,0,,,0,0,0,,2014-06-20
leaf_2014_WR_18_6,2014,WR,18,6,0.0,37,0,0,0,,,0,0,0,,2014-06-20
leaf_2014_WR_18_7,2014,WR,18,7,0.0,21,0,0,0,,,0,0,0,,2014-06-20
leaf_2014_WR_19_1,2014,WR,19,1,0.0,25,2,0,0,,,0,0,0,,2014-06-20
leaf_2014_WR_19_2,2014,WR,19,2,0.0,34,2,0,0,,,0,0,0,,2014-06-20
leaf_2014_WR_19_3,2014,WR,19,3,0.0,43,0,0,0,,,0,0,0,,2014-06-20
leaf_2014_WR_19_4,2014,WR,19,4,0.0,35,0,5,0,,,0,0,0,,2014-06-20
leaf_2014_WR_19_5,2014,WR,19,5,0.0,47,0,5,0,,,0,0,0,,2014-06-20
leaf_2014_WR_19_6,2014,WR,19,6,0.0,42,0,0,0,,,0,0,0,,2014-06-20
leaf_2014_WR_19_7,2014,WR,19,7,0.0,32,0,0,0,,,0,0,0,,2014-06-20
leaf_2014_WR_19_8,2014,WR,19,8,0.0,14,1,0,0,,,0,0,0,,2014-06-20
leaf_2014_WR_20_1,2014,WR,20,1,0.0,43,0,0,0,,,5,0,0,,2014-06-20
leaf_2014_WR_20_2,2014,WR,20,2,0.0,45,0,5,0,,,1,0,0,,2014-06-20
leaf_2014_WR_20_3,2014,WR,20,3,0.0,37,0,35,0,,,6,0,0,,2014-06-20
leaf_2014_WR_20_4,2014,WR,20,4,0.0,41,0,0,0,,,0,0,0,,2014-06-20
leaf_2014_WR_20_5,2014,WR,20,5,0.0,25,0,0,0,,,3,0,0,,2014-06-20
leaf_2014_WR_21_1,2014,WR,21,1,0.0,24,0,0,0,,,25,1,2,,2014-06-20
leaf_2014_WR_21_2,2014,WR,21,2,0.0,33,0,0,0,,,0,0,0,,2014-06-20
leaf_2014_WR_21_3,2014,WR,21,3,0.0,59,0,20,0,,,0,0,0,,2014-06-20
leaf_2014_WR_21_4,2014,WR,21,4,0.0,55,0,0,0,,,0,0,0,,2014-06-20
leaf_2014_WR_21_5,2014,WR,21,5,0.0,50,0,5,0,,,4,0,2,,2014-06-20
leaf_2014_WR_21_6,2014,WR,21,6,0.0,47,0,2,0,,,3,0,2,,2014-06-20
leaf_2014_WR_21_7,2014,WR,21,7,0.0,19,0,60,60,,,0,0,0,,2014-06-20
leaf_2014_WR_21_8,2014,WR,21,8,0.0,20,2,5,40,,,0,0,0,,2014-06-20
leaf_2014_WR_21_9,2014,WR,21,9,0.0,20,1,10,10,,,0,0,0,,2014-06-20
leaf_2014_WR_21_10,2014,WR,21,10,0.0,19,2,0,30,,,0,0,0,,2014-06-20
leaf_2014_WR_22_1,2014,WR,22,1,0.0,59,0,0,0,,,5,0,0,,2014-06-20
leaf_2014_WR_22_2,2014,WR,22,2,0.0,43,0,0,0,,,7,0,0,,2014-06-20
leaf_2014_WR_22_3,2014,WR,22,3,0.0,60,0,1,0,,,10,0,0,,2014-06-20
leaf_2014_WR_22_4,2014,WR,22,4,0.0,67,0,20,0,,,2,0,0,,2014-06-20
leaf_2014_WR_22_5,2014,WR,22,5,0.0,53,0,4,0,,,0,0,0,,2014-06-20
leaf_2014_WR_22_6,2014,WR,22,6,0.0,61,0,5,0,,,0,0,0,,2014-06-20
leaf_2014_WR_22_7,2014,WR,22,7,0.0,23,1,75,100,,,0,0,0,,2014-06-20
leaf_2014_WR_22_8,2014,WR,22,8,0.0,29,2,0,0,,,0,0,0,,2014-06-20
leaf_2014_WR_22_9,2014,WR,22,9,0.0,28,2,50,0,,,0,0,0,,2014-06-20
leaf_2014_WR_23_1,2014,WR,23,1,0.0,38,2,0,0,,,0,0,0,,2014-06-20
leaf_2014_WR_23_2,2014,WR,23,2,0.0,48,3,0,0,,,0,0,0,,2014-06-20
leaf_2014_WR_23_3,2014,WR,23,3,0.0,50,0,0,0,,,0,0,0,,2014-06-20
leaf_2014_WR_23_4,2014,WR,23,4,0.0,40,0,0,0,,,0,0,0,,2014-06-20
leaf_2014_WR_23_5,2014,WR,23,5,0.0,49,0,0,0,,,2,0,0,,2014-06-20
leaf_2014_WR_23_6,2014,WR,23,6,0.0,46,0,1,3,,,0,0,0,,2014-06-20
leaf_2014_WR_23_7,2014,WR,23,7,0.0,40,0,0,0,,,8,0,0,,2014-06-20
leaf_2014_WR_23_8,2014,WR,23,8,0.0,41,0,3,0,,,0,0,0,,2014-06-20
leaf_2014_WR_24_1,2014,WR,24,1,0.0,22,2,0,0,,,0,0,0,,2014-06-20
leaf_2014_WR_24_2,2014,WR,24,2,0.0,25,2,0,0,,,0,0,0,,2014-06-20
leaf_2014_WR_24_3,2014,WR,24,3,0.0,29,2,0,0,,,0,0,0,,2014-06-20
leaf_2014_WR_24_4,2014,WR,24,4,0.0,26,0,0,0,,,2,0,0,,2014-06-20
leaf_2014_WR_24_5,2014,WR,24,5,0.0,32,0,1,0,,,0,0,0,,2014-06-20
leaf_2014_WR_24_6,2014,WR,24,6,0.0,31,0,80,0,,,0,0,0,,2014-06-20
leaf_2014_WR_24_7,2014,WR,24,7,0.0,25,0,0,3,,,0,0,0,,2014-06-20
leaf_2014_WR_24_8,2014,WR,24,8,0.0,18,0,10,0,,,0,0,0,,2014-06-20
leaf_2014_WR_25_1,2014,WR,25,1,0.0,22,2,0,0,,,0,0,0,,2014-06-20
leaf_2014_WR_25_2,2014,WR,25,2,0.0,30,2,0,0,,,0,0,0,,2014-06-20
leaf_2014_WR_25_3,2014,WR,25,3,0.0,33,2,0,0,,,0,0,0,,2014-06-20
leaf_2014_WR_25_4,2014,WR,25,4,0.0,38,0,0,0,,,0,0,0,,2014-06-20
leaf_2014_WR_25_5,2014,WR,25,5,0.0,29,0,0,0,,,0,0,0,,2014-06-20
leaf_2014_WR_25_6,2014,WR,25,6,0.0,39,0,0,0,,,0,0,0,,2014-06-20
leaf_2014_WR_25_7,2014,WR,25,7,0.0,21,0,60,100,,,0,0,0,,2014-06-20
leaf_2014_WR_25_8,2014,WR,25,8,0.0,20,1,0,0,,,50,0,0,,2014-06-20
leaf_2014_WR_26_1,2014,WR,26,1,0.0,37,0,75,4,,,3,0,0,,2014-06-20
leaf_2014_WR_26_2,2014,WR,26,2,0.0,60,1,5,18,,,0,0,0,,2014-06-20
leaf_2014_WR_26_3,2014,WR,26,3,0.0,77,0,0,0,,,0,0,0,,2014-06-20
leaf_2014_WR_26_4,2014,WR,26,4,0.0,51,0,2,0,,,0,0,0,,2014-06-20
leaf_2014_WR_26_5,2014,WR,26,5,0.0,71,0,5,5,,,0,0,0,,2014-06-20
leaf_2014_WR_26_6,2014,WR,26,6,0.0,67,0,0,1,,,3,0,0,,2014-06-20
leaf_2014_WR_26_7,2014,WR,26,7,0.0,49,0,2,2,,,0,0,0,,2014-06-20
leaf_2014_WR_26_8,2014,WR,26,8,0.0,69,0,5,0,,,0,0,0,,2014-06-20
leaf_2014_WR_26_9,2014,WR,26,9,0.0,21,1,0,0,,,10,0,0,,2014-06-20
leaf_2014_WR_27_1,2014,WR,27,1,0.0,45,2,0,2,,,0,0,0,,2014-06-20
leaf_2014_WR_27_2,2014,WR,27,2,0.0,44,2,0,0,,,0,0,0,,2014-06-20
leaf_2014_WR_27_3,2014,WR,27,3,0.0,50,2,0,0,,,0,0,0,,2014-06-20
leaf_2014_WR_27_4,2014,WR,27,4,0.0,50,1,0,0,,,0,0,0,,2014-06-20
leaf_2014_WR_27_5,2014,WR,27,5,0.0,52,0,0,0,,,0,0,0,,2014-06-20
leaf_2014_WR_27_6,2014,WR,27,6,0.0,54,0,0,0,,,0,0,0,,2014-06-20
leaf_2014_WR_27_7,2014,WR,27,7,0.0,40,0,3,0,,,0,0,0,,2014-06-20
leaf_2014_WR_27_8,2014,WR,27,8,0.0,18,1,100,95,,,0,0,0,,2014-06-20
leaf_2014_WR_28_1,2014,WR,28,1,0.0,70,2,1,40,,,10,0,0,,2014-06-20
leaf_2014_WR_28_2,2014,WR,28,2,0.0,84,2,0,0,,,60,0,0,,2014-06-20
leaf_2014_WR_28_3,2014,WR,28,3,0.0,33,2,75,5,,,0,0,0,,2014-06-20
leaf_2014_WR_28_4,2014,WR,28,4,0.0,36,0,0,0,,,0,0,0,,2014-06-20
leaf_2014_WR_28_5,2014,WR,28,5,0.0,30,2,0,0,,,0,0,0,,2014-06-20
leaf_2014_WR_28_6,2014,WR,28,6,0.0,32,1,0,3,,,0,0,0,,2014-06-20
leaf_2014_WR_28_7,2014,WR,28,7,0.0,30,3,2,2,,,0,0,0,,2014-06-20
leaf_2014_WR_28_8,2014,WR,28,8,0.0,25,3,0,0,,,0,0,0,,2014-06-20
leaf_2014_WR_29_1,2014,WR,29,1,0.0,34,4,0,0,,,0,0,0,,2014-06-20
leaf_2014_WR_29_2,2014,WR,29,2,0.0,35,2,0,0,,,0,0,0,,2014-06-20
leaf_2014_WR_29_3,2014,WR,29,3,0.0,37,3,0,0,,,0,0,0,,2014-06-20
leaf_2014_WR_29_4,2014,WR,29,4,0.0,33,3,0,0,,,0,0,0,,2014-06-20
leaf_2014_WR_29_5,2014,WR,29,5,0.0,40,2,0,0,,,1,0,0,,2014-06-20
leaf_2014_WR_29_6,2014,WR,29,6,0.0,36,1,3,0,,,4,0,1,,2014-06-20
leaf_2014_WR_29_7,2014,WR,29,7,0.0,34,0,2,75,,,0,0,0,,2014-06-20
leaf_2014_WR_29_8,2014,WR,29,8,0.0,36,0,45,10,,,0,0,0,,2014-06-20
leaf_2014_WR_29_9,2014,WR,29,9,0.0,31,0,0,15,,,0,0,0,,2014-06-20
leaf_2014_WR_29_10,2014,WR,29,10,0.0,29,0,85,2,,,0,0,0,,2014-06-20
leaf_2014_WR_29_11,2014,WR,29,11,0.0,35,2,0,0,,,0,0,0,,2014-06-20
